Asset,Exchange,LastPrice,LastDate,RSI_14,SMA_20,SMA_50,SMA_200,ATR%_W,MovingAveragesRating,OscillatorsRating,VolatilityRating,Analysed,Note
1000REEFUSDPERP,PhemexFutures,5.066,26.09.2022,55.526532,4.7579,4.30112,,0.185429,UP_TREND,BULLISH,MEDIUM,T,INTEREST
CHZUSDPERP,PhemexFutures,0.2576,26.09.2022,61.283428,0.223985,0.209054,0.16869,0.166953,STRONG_UP_TREND,BULLISH,MEDIUM,T,
APEUSDPERP,PhemexFutures,5.515,26.09.2022,51.876501,5.31425,5.4438,,0.308372,UP_TREND,BULLISH,HIGH,T,
XRPUSDPERP,PhemexFutures,0.4682,26.09.2022,64.462031,0.391385,0.366632,0.480048,0.167438,UP_TREND,BULLISH,MEDIUM,T,
ASTRUSDPERP,PhemexFutures,0.042,26.09.2022,60.180687,0.03805,0.040022,,0.335541,UP_TREND,BULLISH,HIGH,T,
LINKUSDPERP,PhemexFutures,7.942,26.09.2022,57.069314,7.5042,7.51964,9.24443,0.218473,UP_TREND,BULLISH,MEDIUM,T,
INJUSDPERP,PhemexFutures,1.784,26.09.2022,57.43501,1.63515,1.67354,,0.262645,UP_TREND,BULLISH,MEDIUM,T,
COMPUSDPERP,PhemexFutures,62.7,26.09.2022,61.464967,55.7975,54.31,75.72675,0.292602,UP_TREND,BULLISH,MEDIUM,T,
ATOMUSDPERP,PhemexFutures,13.895,26.09.2022,49.9791,14.6817,12.92778,14.86496,0.224935,DOWN_TREND,BEARISH,MEDIUM,T,
C98USDPERP,PhemexFutures,0.361,26.09.2022,41.444827,0.400575,0.43296,,0.276841,DOWN_TREND,BEARISH,MEDIUM,T,
XLMUSDPERP,PhemexFutures,0.1137,26.09.2022,51.339912,0.11186,0.112348,0.141728,0.18603,UP_TREND,BULLISH,MEDIUM,T,
1000HOTUSDPERP,PhemexFutures,2.047,26.09.2022,47.379629,2.0707,2.19648,,0.189188,DOWN_TREND,BEARISH,MEDIUM,T,
COTIUSDPERP,PhemexFutures,0.1019,26.09.2022,53.536807,0.09798,0.1005,,0.193506,UP_TREND,BULLISH,MEDIUM,T,
1000000NFTUSDPERP,PhemexFutures,0.523,26.09.2022,37.146191,0.5534,0.58082,,0.182891,DOWN_TREND,BEARISH,MEDIUM,T,
GOLDUSDPERP,PhemexFutures,1626.6,26.09.2022,26.890637,1679.17,1720.37,1819.56425,0.032967,STRONG_DOWN_TREND,OVERSOLD,LOW,T,
1INCHUSDPERP,PhemexFutures,0.6255,26.09.2022,49.387452,0.61385,0.68562,,0.217408,,BEARISH,MEDIUM,T,
ONEUSDPERP,PhemexFutures,0.0192,26.09.2022,44.901072,0.02014,0.02232,,0.406884,DOWN_TREND,BEARISH,HIGH,T,
ALGOUSDPERP,PhemexFutures,0.3682,26.09.2022,59.914958,0.329635,0.32337,0.470333,0.235601,UP_TREND,BULLISH,MEDIUM,T,
SOLUSDPERP,PhemexFutures,33.84,26.09.2022,51.324105,33.29965,35.28468,56.927595,0.352202,DOWN_TREND,BULLISH,HIGH,T,
TRXUSDPERP,PhemexFutures,0.0595,26.09.2022,40.074325,0.061225,0.063958,0.067668,0.150261,STRONG_DOWN_TREND,BEARISH,MEDIUM,T,
BNXUSDPERP,PhemexFutures,158.65,26.09.2022,57.877416,153.56,141.582,,0.11625,UP_TREND,BULLISH,MEDIUM,T,
MTLUSDPERP,PhemexFutures,1.072,26.09.2022,41.862769,1.1402,1.22212,,0.244094,DOWN_TREND,BEARISH,MEDIUM,T,
ADAUSDPERP,PhemexFutures,0.4471,26.09.2022,44.042836,0.470075,0.48141,0.630832,0.251242,STRONG_DOWN_TREND,BEARISH,MEDIUM,T,
100IOSTUSDPERP,PhemexFutures,1.2,26.09.2022,42.523622,1.2492,1.33884,,0.212337,DOWN_TREND,BEARISH,MEDIUM,T,
EGLDUSDPERP,PhemexFutures,46.8,26.09.2022,40.923603,49.425,53.524,,0.276674,DOWN_TREND,BEARISH,MEDIUM,T,
DOGEUSDPERP,PhemexFutures,0.0611,26.09.2022,48.256462,0.060985,0.065454,0.089058,0.26159,DOWN_TREND,BEARISH,MEDIUM,T,
100ACHUSDPERP,PhemexFutures,1.173,26.09.2022,40.249094,1.22225,1.35278,,0.246123,DOWN_TREND,BEARISH,MEDIUM,T,
1000RSRUSDPERP,PhemexFutures,7.669,26.09.2022,63.891044,6.2931,6.50792,,0.241589,UP_TREND,BULLISH,MEDIUM,T,
100ROSEUSDPERP,PhemexFutures,6.178,26.09.2022,48.858834,6.10635,7.05332,,0.269223,,BEARISH,MEDIUM,T,
OMGUSDPERP,PhemexFutures,1.714,26.09.2022,44.237705,1.78605,1.92772,,0.24628,DOWN_TREND,BEARISH,MEDIUM,T,
CVCUSDPERP,PhemexFutures,0.1285,26.09.2022,41.325173,0.136835,0.147904,,0.218828,DOWN_TREND,BEARISH,MEDIUM,T,
DODOUSDPERP,PhemexFutures,0.1239,26.09.2022,45.936989,0.12626,0.137432,,0.258933,DOWN_TREND,BEARISH,MEDIUM,T,
ENJUSDPERP,PhemexFutures,0.466,26.09.2022,41.141861,0.497945,0.550614,0.835189,0.355824,STRONG_DOWN_TREND,BEARISH,HIGH,T,
DAOUSDPERP,PhemexFutures,1.523,26.09.2022,37.49,1.64655,1.75586,,0.235598,DOWN_TREND,BEARISH,MEDIUM,T,
BNBUSDPERP,PhemexFutures,276.2,26.09.2022,48.458411,278.2425,289.341,,0.150368,DOWN_TREND,BEARISH,MEDIUM,T,
THETAUSDPERP,PhemexFutures,1.094,26.09.2022,46.174133,1.1068,1.2226,,0.253046,DOWN_TREND,BEARISH,MEDIUM,T,
1000DENTUSDPERP,PhemexFutures,0.93,26.09.2022,45.455121,0.96095,1.01722,,0.228146,DOWN_TREND,BEARISH,MEDIUM,T,
IMXUSDPERP,PhemexFutures,0.738,26.09.2022,39.495351,0.79665,0.87362,,0.305834,DOWN_TREND,BEARISH,HIGH,T,
ONTUSDPERP,PhemexFutures,0.2204,26.09.2022,43.097093,0.231315,0.24902,0.33623,0.308434,STRONG_DOWN_TREND,BEARISH,HIGH,T,
XMRUSDPERP,PhemexFutures,145.47,26.09.2022,48.460904,147.6015,152.5346,171.39915,0.200848,STRONG_DOWN_TREND,BEARISH,MEDIUM,T,
100XEMUSDPERP,PhemexFutures,4.005,26.09.2022,42.129842,4.2265,4.5324,,0.230554,DOWN_TREND,BEARISH,MEDIUM,T,
100VETUSDPERP,PhemexFutures,2.273,26.09.2022,43.270464,2.3648,2.58498,,0.217547,DOWN_TREND,BEARISH,MEDIUM,T,
XTZUSDPERP,PhemexFutures,1.472,26.09.2022,45.486971,1.5322,1.60642,2.109055,0.261325,STRONG_DOWN_TREND,BEARISH,MEDIUM,T,
SRMUSDPERP,PhemexFutures,0.768,26.09.2022,45.621001,0.7972,0.84966,,0.272959,DOWN_TREND,BEARISH,MEDIUM,T,
ARUSDPERP,PhemexFutures,9.47,26.09.2022,42.194087,9.98825,11.3195,,0.294457,DOWN_TREND,BEARISH,MEDIUM,T,
CTKUSDPERP,PhemexFutures,0.871,26.09.2022,43.27294,0.93615,0.94082,,0.194457,DOWN_TREND,BEARISH,MEDIUM,T,
100IOTXUSDPERP,PhemexFutures,2.901,26.09.2022,48.035999,2.8948,3.13732,,0.217701,,BEARISH,MEDIUM,T,
GRTUSDPERP,PhemexFutures,0.1025,26.09.2022,47.274378,0.10625,0.112742,0.199421,0.446524,STRONG_DOWN_TREND,BEARISH,HIGH,T,
ENSUSDPERP,PhemexFutures,14.83,26.09.2022,56.120307,14.40375,14.1451,,0.209133,UP_TREND,BULLISH,MEDIUM,T,
GALAUSDPERP,PhemexFutures,0.041,26.09.2022,35.66546,0.046,0.052174,,0.37535,DOWN_TREND,BEARISH,HIGH,T,
BTCUSDPERP,PhemexFutures,19239.5,26.09.2022,44.502826,19884.25,20956.13,28620.62,0.181818,STRONG_DOWN_TREND,BEARISH,MEDIUM,T,
BATUSDPERP,PhemexFutures,0.3003,26.09.2022,40.103578,0.32011,0.356842,0.487953,0.296886,STRONG_DOWN_TREND,BEARISH,MEDIUM,T,
SANDUSDPERP,PhemexFutures,0.858,26.09.2022,42.67505,0.8952,1.0172,,0.311778,DOWN_TREND,BEARISH,HIGH,T,
FOOTBALLUSDPERP,PhemexFutures,1126.45,26.09.2022,55.03957,1057.7355,,,0.206886,,BULLISH,MEDIUM,T,
ZRXUSDPERP,PhemexFutures,0.2677,26.09.2022,41.525059,0.28541,0.308252,,0.232916,DOWN_TREND,BEARISH,MEDIUM,T,
MANAUSDPERP,PhemexFutures,0.703,26.09.2022,40.642156,0.740505,0.82814,1.283452,0.323015,STRONG_DOWN_TREND,BEARISH,HIGH,T,
FILUSDPERP,PhemexFutures,5.69,26.09.2022,46.545074,5.8105,6.451,10.3818,0.412494,STRONG_DOWN_TREND,BEARISH,HIGH,T,
NEOUSDPERP,PhemexFutures,8.38,26.09.2022,41.731927,8.8975,9.6178,13.40605,0.294242,STRONG_DOWN_TREND,BEARISH,MEDIUM,T,
ZILUSDPERP,PhemexFutures,0.0319,26.09.2022,39.549782,0.03404,0.037508,,0.30684,DOWN_TREND,BEARISH,HIGH,T,
KNCUSDPERP,PhemexFutures,1.169,26.09.2022,28.430396,1.61815,1.68196,,0.416411,DOWN_TREND,OVERSOLD,HIGH,T,
ALICEUSDPERP,PhemexFutures,1.72,26.09.2022,35.856405,1.93625,2.18114,,0.337389,DOWN_TREND,BEARISH,HIGH,T,
FTMUSDPERP,PhemexFutures,0.2285,26.09.2022,39.250544,0.243955,0.287672,,0.377085,DOWN_TREND,BEARISH,HIGH,T,
BCHUSDPERP,PhemexFutures,116.2,26.09.2022,47.375789,119.6625,123.633,193.026,0.273707,STRONG_DOWN_TREND,BEARISH,MEDIUM,T,
100PEOPLEUSDPERP,PhemexFutures,2.303,26.09.2022,52.741727,2.18205,2.3617,,0.34168,,BULLISH,HIGH,T,
STORJUSDPERP,PhemexFutures,0.4589,26.09.2022,38.254918,0.497555,0.563732,,0.305359,DOWN_TREND,BEARISH,HIGH,T,
WOOUSDPERP,PhemexFutures,0.1411,26.09.2022,44.334875,0.146475,0.168074,,0.322064,DOWN_TREND,BEARISH,HIGH,T,
QTUMUSDPERP,PhemexFutures,2.837,26.09.2022,41.03458,3.0182,3.3464,4.40181,0.303482,STRONG_DOWN_TREND,BEARISH,HIGH,T,
100LINAUSDPERP,PhemexFutures,0.702,26.09.2022,39.695238,0.76595,0.84638,,0.265968,DOWN_TREND,BEARISH,MEDIUM,T,
100ARPAUSDPERP,PhemexFutures,3.387,26.09.2022,43.746492,3.5699,3.75672,,0.2331,DOWN_TREND,BEARISH,MEDIUM,T,
100JASMYUSDPERP,PhemexFutures,0.684,26.09.2022,31.461191,0.80685,0.89016,,0.353317,DOWN_TREND,BEARISH,HIGH,T,
SXPUSDPERP,PhemexFutures,0.348,26.09.2022,46.323107,0.354125,0.39043,,0.213311,DOWN_TREND,BEARISH,MEDIUM,T,
SFPUSDPERP,PhemexFutures,0.3519,26.09.2022,46.068771,0.3637,0.380834,,0.228323,DOWN_TREND,BEARISH,MEDIUM,T,
DASHUSDPERP,PhemexFutures,41.67,26.09.2022,43.024267,43.792,46.9738,,0.224555,DOWN_TREND,BEARISH,MEDIUM,T,
MINAUSDPERP,PhemexFutures,0.592,26.09.2022,41.529087,0.61935,0.70198,,0.221365,DOWN_TREND,BEARISH,MEDIUM,T,
KAVAUSDPERP,PhemexFutures,1.497,26.09.2022,41.909421,1.5714,1.76734,,0.226689,DOWN_TREND,BEARISH,MEDIUM,T,
CELOUSDPERP,PhemexFutures,0.775,26.09.2022,43.549289,0.8093,0.88506,,0.221706,DOWN_TREND,BEARISH,MEDIUM,T,
LITUSDPERP,PhemexFutures,0.58,26.09.2022,37.074722,0.65025,0.74974,,0.383823,DOWN_TREND,BEARISH,HIGH,T,
NEARUSDPERP,PhemexFutures,3.68,26.09.2022,39.649846,4.22075,4.4786,,0.355744,DOWN_TREND,BEARISH,HIGH,T,
MATICUSDPERP,PhemexFutures,0.755,26.09.2022,43.865028,0.80995,0.84268,,0.238585,DOWN_TREND,BEARISH,MEDIUM,T,
AVAXUSDPERP,PhemexFutures,17.56,26.09.2022,42.304916,18.438,21.2708,,0.368691,DOWN_TREND,BEARISH,HIGH,T,
AXSUSDPERP,PhemexFutures,12.44,26.09.2022,43.003978,13.0835,14.5544,,0.327175,DOWN_TREND,BEARISH,HIGH,T,
KLAYUSDPERP,PhemexFutures,0.2043,26.09.2022,40.914406,0.21048,0.238758,,0.271584,DOWN_TREND,BEARISH,MEDIUM,T,
LTCUSDPERP,PhemexFutures,53.36,26.09.2022,44.615744,56.4685,57.4552,73.856,0.220951,STRONG_DOWN_TREND,BEARISH,MEDIUM,T,
YFIIUSDPERP,PhemexFutures,882.5,26.09.2022,41.336414,922.425,,,0.203006,,BEARISH,MEDIUM,T,
LRCUSDPERP,PhemexFutures,0.2994,26.09.2022,38.591571,0.32448,0.368724,,0.315499,DOWN_TREND,BEARISH,HIGH,T,
GMTUSDPERP,PhemexFutures,0.64,26.09.2022,44.652557,0.66215,0.75292,,0.471502,DOWN_TREND,BEARISH,HIGH,T,
DOTUSDPERP,PhemexFutures,6.55,26.09.2022,43.725431,6.88595,7.47868,11.154015,0.298255,STRONG_DOWN_TREND,BEARISH,MEDIUM,T,
100CELRUSDPERP,PhemexFutures,1.507,26.09.2022,40.778595,1.64685,1.89292,,0.298487,DOWN_TREND,BEARISH,MEDIUM,T,
UNIUSDPERP,PhemexFutures,5.919,26.09.2022,47.371564,5.95415,6.7517,7.10304,0.274558,STRONG_DOWN_TREND,BEARISH,MEDIUM,T,
100ANKRUSDPERP,PhemexFutures,3.066,26.09.2022,42.582427,3.3113,3.68114,,0.260918,DOWN_TREND,BEARISH,MEDIUM,T,
FLMUSDPERP,PhemexFutures,0.1053,26.09.2022,41.318264,0.108595,,,0.174428,,BEARISH,MEDIUM,T,
100000SHIBUSDPERP,PhemexFutures,1.112,26.09.2022,44.046353,1.16965,1.25038,,0.25807,DOWN_TREND,BEARISH,MEDIUM,T,
ZECUSDPERP,PhemexFutures,58.89,26.09.2022,49.651576,58.6165,64.0046,96.38385,0.33633,DOWN_TREND,BEARISH,HIGH,T,
CHRUSDPERP,PhemexFutures,0.1494,26.09.2022,41.638948,0.16177,0.178242,,0.245058,DOWN_TREND,BEARISH,MEDIUM,T,
SNXUSDPERP,PhemexFutures,2.326,26.09.2022,37.605635,2.63945,3.02688,3.59634,0.444207,STRONG_DOWN_TREND,BEARISH,HIGH,T,
GALUSDPERP,PhemexFutures,2.71,26.09.2022,50.656925,2.695,2.8064,,0.346307,,BULLISH,HIGH,T,
ALPHAUSDPERP,PhemexFutures,0.1054,26.09.2022,39.878075,0.11444,,,0.163017,,BEARISH,MEDIUM,T,
MKRUSDPERP,PhemexFutures,719.1,26.09.2022,50.73443,689.49,802.68,1234.8475,0.349521,DOWN_TREND,BULLISH,HIGH,T,
ZENUSDPERP,PhemexFutures,14.05,26.09.2022,43.1677,14.7505,16.4196,,0.237572,DOWN_TREND,BEARISH,MEDIUM,T,
GLMRUSDPERP,PhemexFutures,0.466,26.09.2022,40.561529,0.4971,0.56904,,0.472516,DOWN_TREND,BEARISH,HIGH,T,
100SLPUSDPERP,PhemexFutures,0.335,26.09.2022,38.804444,0.35995,0.40606,,0.336354,DOWN_TREND,BEARISH,HIGH,T,
OGNUSDPERP,PhemexFutures,0.1459,26.09.2022,39.927431,0.158215,0.179778,,0.323249,DOWN_TREND,BEARISH,HIGH,T,
API3USDPERP,PhemexFutures,1.605,26.09.2022,46.703267,1.63975,1.82124,,0.296025,DOWN_TREND,BEARISH,MEDIUM,T,
MOVRUSDPERP,PhemexFutures,10.88,26.09.2022,40.133051,11.5855,13.1236,,0.326449,DOWN_TREND,BEARISH,HIGH,T,
TOMOUSDPERP,PhemexFutures,0.452,26.09.2022,45.009242,0.468025,0.51452,,0.251916,DOWN_TREND,BEARISH,MEDIUM,T,
OCEANUSDPERP,PhemexFutures,0.1596,26.09.2022,47.280447,0.16392,0.174514,,0.235561,DOWN_TREND,BEARISH,MEDIUM,T,
LDOUSDPERP,PhemexFutures,1.622,26.09.2022,40.314529,1.832525,2.04677,,0.34624,DOWN_TREND,BEARISH,HIGH,T,
FTTUSDPERP,PhemexFutures,24.17,26.09.2022,44.164383,24.9815,26.9018,,0.170511,DOWN_TREND,BEARISH,MEDIUM,T,
RAYUSDPERP,PhemexFutures,0.564,26.09.2022,41.668057,0.60015,0.6827,,0.25479,DOWN_TREND,BEARISH,MEDIUM,T,
LPTUSDPERP,PhemexFutures,9.06,26.09.2022,43.279731,9.707,10.3818,,0.287876,DOWN_TREND,BEARISH,MEDIUM,T,
WAVESUSDPERP,PhemexFutures,3.92,26.09.2022,38.288697,4.2745,4.7876,,0.444771,DOWN_TREND,BEARISH,HIGH,T,
RUNEUSDPERP,PhemexFutures,1.601,26.09.2022,37.730228,1.75285,2.06282,,0.423478,DOWN_TREND,BEARISH,HIGH,T,
MASKUSDPERP,PhemexFutures,1.157,26.09.2022,39.517816,1.2835,1.40566,,0.276035,DOWN_TREND,BEARISH,MEDIUM,T,
1000SPELLUSDPERP,PhemexFutures,1.048,26.09.2022,32.876177,1.18165,,,0.211489,,BEARISH,MEDIUM,T,
RENUSDPERP,PhemexFutures,0.1133,26.09.2022,46.191244,0.11645,0.130962,,0.294087,DOWN_TREND,BEARISH,MEDIUM,T,
AUDIOUSDPERP,PhemexFutures,0.2178,26.09.2022,35.66462,0.247025,0.292162,,0.322251,DOWN_TREND,BEARISH,HIGH,T,
YFIUSDPERP,PhemexFutures,8322.5,26.09.2022,44.164816,8944.325,9497.03,11628.67,0.305272,STRONG_DOWN_TREND,BEARISH,HIGH,T,
AAVEUSDPERP,PhemexFutures,76.21,26.09.2022,43.493817,81.081,88.4022,110.1068,0.357055,STRONG_DOWN_TREND,BEARISH,HIGH,T,
ICPUSDPERP,PhemexFutures,6.23,26.09.2022,48.074528,6.3375,6.6906,,0.285419,DOWN_TREND,BEARISH,MEDIUM,T,
1000LEVERUSDPERP,PhemexFutures,1.801,26.09.2022,40.346282,1.95715,2.31476,,0.352837,DOWN_TREND,BEARISH,HIGH,T,
SUSHIUSDPERP,PhemexFutures,1.059,26.09.2022,43.278192,1.15305,1.21572,1.8836,0.404771,STRONG_DOWN_TREND,BEARISH,HIGH,T,
ETCUSDPERP,PhemexFutures,28.45,26.09.2022,39.268344,33.3955,35.0582,,0.25985,DOWN_TREND,BEARISH,MEDIUM,T,
DYDXUSDPERP,PhemexFutures,1.342,26.09.2022,45.515006,1.36755,1.64764,,0.384676,DOWN_TREND,BEARISH,HIGH,T,
CRVUSDPERP,PhemexFutures,0.928,26.09.2022,42.376294,1.035,1.11998,,0.362548,DOWN_TREND,BEARISH,HIGH,T,
YGGUSDPERP,PhemexFutures,0.378,26.09.2022,38.543627,0.428,0.5355,,0.446885,DOWN_TREND,BEARISH,HIGH,T,
BAKEUSDPERP,PhemexFutures,0.2307,26.09.2022,44.634573,0.239745,0.265994,,0.26276,DOWN_TREND,BEARISH,MEDIUM,T,
KSMUSDPERP,PhemexFutures,42.11,26.09.2022,41.846047,45.071,49.3426,87.1343,0.416165,STRONG_DOWN_TREND,BEARISH,HIGH,T,
GTCUSDPERP,PhemexFutures,1.782,26.09.2022,38.68316,2.0036,2.33616,,0.340967,DOWN_TREND,BEARISH,HIGH,T,
CVXUSDPERP,PhemexFutures,4.75,26.09.2022,43.910452,4.97,5.497,,0.301818,DOWN_TREND,BEARISH,HIGH,T,
AGLDUSDPERP,PhemexFutures,0.3274,26.09.2022,41.836056,0.360675,0.381238,,0.325511,DOWN_TREND,BEARISH,HIGH,T,
BITUSDPERP,PhemexFutures,0.469,26.09.2022,35.077481,0.54095,0.56802,,0.247794,DOWN_TREND,BEARISH,MEDIUM,T,
100RVNUSDPERP,PhemexFutures,3.746,26.09.2022,45.002137,4.73525,3.87678,,0.312897,DOWN_TREND,BEARISH,HIGH,T,
SKLUSDPERP,PhemexFutures,0.0388,26.09.2022,39.086951,0.042585,0.050432,,0.420202,DOWN_TREND,BEARISH,HIGH,T,
EOSUSDPERP,PhemexFutures,1.18,26.09.2022,39.177357,1.4165,1.4419,1.58152,0.29161,STRONG_DOWN_TREND,BEARISH,MEDIUM,T,
ETHUSDPERP,PhemexFutures,1335.7,26.09.2022,40.470466,1484.91,1604.101,1990.18925,0.257689,STRONG_DOWN_TREND,BEARISH,MEDIUM,T,
OPUSDPERP,PhemexFutures,0.9232,26.09.2022,38.915414,1.09541,1.214158,,0.43075,DOWN_TREND,BEARISH,HIGH,T,
ILVUSDPERP,PhemexFutures,58.1,26.09.2022,34.65115,65.275,81.648,,0.496913,DOWN_TREND,BEARISH,HIGH,T,
BALUSDPERP,PhemexFutures,5.36,26.09.2022,38.92375,6.168,6.4069,,0.301582,DOWN_TREND,BEARISH,HIGH,T,
HNTUSDPERP,PhemexFutures,4.692,26.09.2022,47.824304,4.67435,,,0.33423,,BEARISH,HIGH,T,
STGUSDPERP,PhemexFutures,0.5413,26.09.2022,35.851486,0.614475,,,0.292947,,BEARISH,MEDIUM,T,
XRPUPUSDT,BinanceSpot,0.2142,27.09.2022,66.13883,0.154805,0.13516,0.436379,0.55215,UP_TREND,BULLISH,HIGH,,
SANTOSUSDT,BinanceSpot,17.983,27.09.2022,67.12903,13.6041,11.88118,6.25405,0.17109,STRONG_UP_TREND,BULLISH,MEDIUM,,
RSRUSDT,BinanceSpot,0.0075,27.09.2022,61.517225,0.006369,0.006505,0.008601,0.335744,UP_TREND,BULLISH,HIGH,,
POLYUSDT,BinanceSpot,0.2664,27.09.2022,59.956732,0.239255,0.219492,0.275146,0.308964,UP_TREND,BULLISH,HIGH,,
LINKUPUSDT,BinanceSpot,0.0153,27.09.2022,59.552006,0.01325,0.013204,0.047188,0.937797,UP_TREND,BULLISH,HIGH,,
XRPUSDT,BinanceSpot,0.474,27.09.2022,65.252815,0.39826,0.368652,0.478616,0.162831,UP_TREND,BULLISH,MEDIUM,,
MKRUSDT,BinanceSpot,764.0,27.09.2022,57.107428,691.4,795.8,1231.41,0.338523,DOWN_TREND,BULLISH,HIGH,,
COMPUSDT,BinanceSpot,63.5,27.09.2022,62.557632,56.584,54.3738,75.6104,0.292503,UP_TREND,BULLISH,MEDIUM,,
IOTAUSDT,BinanceSpot,0.3133,27.09.2022,61.696415,0.277195,0.292962,0.418186,0.238678,UP_TREND,BULLISH,MEDIUM,,
UNIUSDT,BinanceSpot,6.56,27.09.2022,56.744135,5.982,6.7118,7.0993,0.252768,DOWN_TREND,BULLISH,MEDIUM,,
ASTRUSDT,BinanceSpot,0.0428,27.09.2022,62.365612,0.03844,0.039832,0.083922,0.603105,UP_TREND,BULLISH,HIGH,,
LAZIOUSDT,BinanceSpot,7.0516,27.09.2022,55.245769,6.73518,5.895096,3.700736,0.204157,STRONG_UP_TREND,BULLISH,MEDIUM,,
INJUSDT,BinanceSpot,1.822,27.09.2022,59.004137,1.64965,1.67814,2.682225,0.36726,UP_TREND,BULLISH,HIGH,,
QNTUSDT,BinanceSpot,127.2,27.09.2022,69.06069,107.57,106.578,94.9365,0.170272,STRONG_UP_TREND,BULLISH,MEDIUM,,
ALGOUSDT,BinanceSpot,0.3666,27.09.2022,59.432614,0.33301,0.323484,0.469,0.238663,UP_TREND,BULLISH,MEDIUM,,
ENSUSDT,BinanceSpot,15.45,27.09.2022,59.993575,14.4465,14.1334,13.53235,0.257159,STRONG_UP_TREND,BULLISH,MEDIUM,,
LINKUSDT,BinanceSpot,8.306,27.09.2022,60.974162,7.56705,7.51414,9.224225,0.209298,UP_TREND,BULLISH,MEDIUM,,
KSMUSDT,BinanceSpot,44.64,27.09.2022,48.597575,44.9095,48.9838,86.83395,0.391983,STRONG_DOWN_TREND,BEARISH,HIGH,,
CITYUSDT,BinanceSpot,6.74,27.09.2022,56.273772,6.4075,6.4426,7.9202,0.250878,UP_TREND,BULLISH,MEDIUM,,
BNBUPUSDT,BinanceSpot,34.34,27.09.2022,54.035086,32.8065,35.2686,78.48375,0.552817,DOWN_TREND,BULLISH,HIGH,,
VGXUSDT,BinanceSpot,0.696,27.09.2022,52.559891,0.7452,0.55762,0.84685,0.444334,DOWN_TREND,BULLISH,HIGH,,
BAKEUSDT,BinanceSpot,0.2385,27.09.2022,48.250406,0.23883,0.263692,0.417353,0.498997,STRONG_DOWN_TREND,BEARISH,HIGH,,
ADXUSDT,BinanceSpot,0.176,27.09.2022,60.50173,0.16462,0.167364,0.242596,0.320333,UP_TREND,BULLISH,HIGH,,
COTIUSDT,BinanceSpot,0.1053,27.09.2022,56.752921,0.098625,0.10027,0.142203,0.298924,UP_TREND,BULLISH,MEDIUM,,
CAKEUSDT,BinanceSpot,4.778,27.09.2022,66.785171,4.3639,4.16654,5.06537,0.204646,UP_TREND,BULLISH,MEDIUM,,
WTCUSDT,BinanceSpot,0.3043,27.09.2022,57.835449,0.28486,0.276478,0.294582,0.286302,STRONG_UP_TREND,BULLISH,MEDIUM,,
FLMUSDT,BinanceSpot,0.1123,27.09.2022,48.639473,0.108905,0.130604,0.152582,0.510832,DOWN_TREND,BEARISH,HIGH,,
EPXUSDT,BinanceSpot,0.000455,27.09.2022,43.625305,0.000483,0.000549,,0.471689,DOWN_TREND,BEARISH,HIGH,,
FILUSDT,BinanceSpot,6.0,27.09.2022,51.962408,5.8165,6.3984,10.33195,0.392671,DOWN_TREND,BULLISH,HIGH,,
ONEUSDT,BinanceSpot,0.02102,27.09.2022,52.975567,0.020194,0.022211,0.055823,0.556189,DOWN_TREND,BULLISH,HIGH,,
NEOUSDT,BinanceSpot,9.17,27.09.2022,52.948049,8.92,9.5774,13.3616,0.275917,DOWN_TREND,BULLISH,MEDIUM,,
GMTUSDT,BinanceSpot,0.6868,27.09.2022,51.478345,0.664495,0.748524,1.277825,0.639627,DOWN_TREND,BULLISH,HIGH,,
RNDRUSDT,BinanceSpot,0.496,27.09.2022,48.710501,0.498,0.55372,1.08322,0.552366,STRONG_DOWN_TREND,BEARISH,HIGH,,
DYDXUSDT,BinanceSpot,1.368,27.09.2022,47.066467,1.3642,1.62574,2.672375,0.480061,DOWN_TREND,BEARISH,HIGH,,
PYRUSDT,BinanceSpot,3.62,27.09.2022,52.854857,3.5275,3.7262,5.9991,0.465724,DOWN_TREND,BULLISH,HIGH,,
ZECUSDT,BinanceSpot,60.0,27.09.2022,51.711445,58.675,63.67,95.9715,0.330064,DOWN_TREND,BULLISH,HIGH,,
ALPINEUSDT,BinanceSpot,3.8852,27.09.2022,50.109528,3.933565,3.874786,4.165996,0.317893,DOWN_TREND,BULLISH,HIGH,,
SXPUSDT,BinanceSpot,0.3595,27.09.2022,50.071848,0.354395,0.388258,0.67914,0.385567,DOWN_TREND,BULLISH,HIGH,,
BTSUSDT,BinanceSpot,0.01086,27.09.2022,49.514756,0.010976,0.01119,0.01472,0.333587,STRONG_DOWN_TREND,BEARISH,HIGH,,
GALUSDT,BinanceSpot,2.721,27.09.2022,50.998361,2.70765,2.78502,,0.441434,,BULLISH,HIGH,,
API3USDT,BinanceSpot,1.611,27.09.2022,46.940268,1.6321,1.81242,2.580815,0.449462,STRONG_DOWN_TREND,BEARISH,HIGH,,
XMRUSDT,BinanceSpot,151.0,27.09.2022,53.091765,147.81,152.18,171.435,0.1968,DOWN_TREND,BULLISH,MEDIUM,,
ROSEUSDT,BinanceSpot,0.06259,27.09.2022,49.983232,0.061193,0.069565,0.113884,0.428641,DOWN_TREND,BEARISH,HIGH,,
THETAUSDT,BinanceSpot,1.132,27.09.2022,50.417812,1.10855,1.21322,1.78434,0.317992,DOWN_TREND,BULLISH,HIGH,,
TRBUSDT,BinanceSpot,15.87,27.09.2022,41.951256,15.731,26.3412,19.2601,0.469368,DOWN_TREND,BEARISH,HIGH,,
1INCHUSDT,BinanceSpot,0.642,27.09.2022,52.2304,0.61455,0.68196,0.96292,0.299029,DOWN_TREND,BULLISH,MEDIUM,,
PSGUSDT,BinanceSpot,8.56,27.09.2022,51.188365,8.44,8.7434,9.1656,0.237522,DOWN_TREND,BULLISH,MEDIUM,,
OGUSDT,BinanceSpot,5.621,27.09.2022,48.323002,5.6803,6.07532,4.076575,0.286181,DOWN_TREND,BEARISH,MEDIUM,,
ZENUSDT,BinanceSpot,14.65,27.09.2022,48.015369,14.744,16.342,23.67105,0.340325,STRONG_DOWN_TREND,BEARISH,HIGH,,
REEFUSDT,BinanceSpot,0.005123,27.09.2022,56.17212,0.004836,0.004314,0.005567,0.247209,UP_TREND,BULLISH,MEDIUM,,
SYSUSDT,BinanceSpot,0.18,27.09.2022,55.760418,0.17256,0.16396,0.27856,0.362422,UP_TREND,BULLISH,HIGH,,
IOTXUSDT,BinanceSpot,0.02999,27.09.2022,51.672739,0.029052,0.031253,0.044548,0.337474,DOWN_TREND,BULLISH,HIGH,,
DOTUPUSDT,BinanceSpot,0.1825,27.09.2022,43.814884,0.200335,0.232318,0.62277,0.961067,STRONG_DOWN_TREND,BEARISH,HIGH,,
DOGEUSDT,BinanceSpot,0.06239,27.09.2022,51.004925,0.061069,0.065329,0.088859,0.25392,DOWN_TREND,BULLISH,MEDIUM,,
XVSUSDT,BinanceSpot,4.87,27.09.2022,51.674662,4.703,5.24,6.5206,0.329798,DOWN_TREND,BULLISH,HIGH,,
RENUSDT,BinanceSpot,0.1148,27.09.2022,47.526712,0.116215,0.129696,0.200975,0.43145,STRONG_DOWN_TREND,BEARISH,HIGH,,
JOEUSDT,BinanceSpot,0.234,27.09.2022,50.344404,0.22545,0.2596,0.52571,0.626845,DOWN_TREND,BULLISH,HIGH,,
SOLUSDT,BinanceSpot,34.96,27.09.2022,54.424887,33.4145,35.1486,56.73235,0.339361,DOWN_TREND,BULLISH,HIGH,,
PORTOUSDT,BinanceSpot,5.8316,27.09.2022,48.912677,6.10117,5.682572,3.672776,0.268092,UP_TREND,BEARISH,MEDIUM,,
OCEANUSDT,BinanceSpot,0.1646,27.09.2022,50.492557,0.163245,0.173662,0.28598,0.389268,DOWN_TREND,BULLISH,HIGH,,
BCHUSDT,BinanceSpot,119.5,27.09.2022,50.425989,119.825,123.284,192.371,0.267413,STRONG_DOWN_TREND,BULLISH,MEDIUM,,
WRXUSDT,BinanceSpot,0.2105,27.09.2022,51.425283,0.2087,0.208616,0.334434,0.366637,UP_TREND,BULLISH,HIGH,,
KP3RUSDT,BinanceSpot,106.9,27.09.2022,50.819164,103.4855,118.7696,206.98635,0.47516,DOWN_TREND,BULLISH,HIGH,,
BTCUPUSDT,BinanceSpot,4.229,27.09.2022,49.665587,4.2177,4.73316,16.925945,0.941387,DOWN_TREND,BEARISH,HIGH,,
DASHUSDT,BinanceSpot,43.15,27.09.2022,47.853767,43.7015,46.7306,66.65715,0.266601,STRONG_DOWN_TREND,BEARISH,MEDIUM,,
BANDUSDT,BinanceSpot,1.24,27.09.2022,48.634325,1.2385,1.35646,2.175195,0.41241,DOWN_TREND,BEARISH,HIGH,,
ATMUSDT,BinanceSpot,4.51,27.09.2022,50.110511,4.4385,4.7154,4.5474,0.273097,DOWN_TREND,BULLISH,MEDIUM,,
BARUSDT,BinanceSpot,6.04,27.09.2022,49.754265,6.014,6.2454,5.69035,0.240283,UP_TREND,BEARISH,MEDIUM,,
OMGUSDT,BinanceSpot,1.79,27.09.2022,49.444204,1.7867,1.91742,2.82475,0.303772,DOWN_TREND,BEARISH,HIGH,,
SKLUSDT,BinanceSpot,0.04093,27.09.2022,44.78278,0.042215,0.049874,0.09163,0.643964,STRONG_DOWN_TREND,BEARISH,HIGH,,
SUSHIUSDT,BinanceSpot,1.115,27.09.2022,48.293085,1.14715,1.20764,1.87623,0.383316,STRONG_DOWN_TREND,BEARISH,HIGH,,
ASRUSDT,BinanceSpot,3.899,27.09.2022,46.440298,3.98475,4.2506,3.423855,0.305903,DOWN_TREND,BEARISH,HIGH,,
DOTUSDT,BinanceSpot,6.71,27.09.2022,46.946989,6.8645,7.4314,11.10995,0.290662,STRONG_DOWN_TREND,BEARISH,MEDIUM,,
LSKUSDT,BinanceSpot,1.009,27.09.2022,49.787562,1.00105,1.07588,1.423325,0.333739,DOWN_TREND,BEARISH,HIGH,,
AAVEUSDT,BinanceSpot,79.4,27.09.2022,47.831109,80.675,87.956,109.9745,0.345327,STRONG_DOWN_TREND,BEARISH,HIGH,,
RIFUSDT,BinanceSpot,0.0589,27.09.2022,48.037592,0.059165,0.065052,0.091557,0.307919,STRONG_DOWN_TREND,BEARISH,HIGH,,
DATAUSDT,BinanceSpot,0.03242,27.09.2022,54.568493,0.031232,0.032285,0.044304,0.32492,UP_TREND,BULLISH,HIGH,,
XECUSDT,BinanceSpot,4.154e-05,27.09.2022,49.967969,4.2e-05,4.3e-05,5.6e-05,0.344252,STRONG_DOWN_TREND,BEARISH,HIGH,,
KMDUSDT,BinanceSpot,0.2685,27.09.2022,50.980031,0.266095,0.27469,0.326159,0.360653,DOWN_TREND,BULLISH,HIGH,,
ICPUSDT,BinanceSpot,6.31,27.09.2022,49.553435,6.333,6.6558,9.857,0.342208,STRONG_DOWN_TREND,BEARISH,HIGH,,
DGBUSDT,BinanceSpot,0.00987,27.09.2022,49.612943,0.009821,0.010663,0.014821,0.396907,DOWN_TREND,BEARISH,HIGH,,
ERNUSDT,BinanceSpot,1.576,27.09.2022,49.818853,1.55465,1.72042,2.674575,0.425676,DOWN_TREND,BEARISH,HIGH,,
ATAUSDT,BinanceSpot,0.1421,27.09.2022,45.008312,0.14639,0.164754,0.232772,0.416072,STRONG_DOWN_TREND,BEARISH,HIGH,,
AVAXUSDT,BinanceSpot,18.21,27.09.2022,46.599816,18.4135,21.088,38.5172,0.440849,STRONG_DOWN_TREND,BEARISH,HIGH,,
UNFIUSDT,BinanceSpot,6.701,27.09.2022,46.052617,6.90055,8.17808,5.98534,0.515496,DOWN_TREND,BEARISH,HIGH,,
BNBUSDT,BinanceSpot,283.0,27.09.2022,53.225059,278.5,288.61,313.4085,0.149049,DOWN_TREND,BULLISH,MEDIUM,,
ACMUSDT,BinanceSpot,3.883,27.09.2022,47.11244,3.96215,4.18266,4.356515,0.344686,STRONG_DOWN_TREND,BEARISH,HIGH,,
CTSIUSDT,BinanceSpot,0.1439,27.09.2022,49.461783,0.14537,0.151914,0.220076,0.337766,STRONG_DOWN_TREND,BEARISH,HIGH,,
ETHUPUSDT,BinanceSpot,3.55,27.09.2022,46.886922,3.77125,4.23934,13.4379,1.007663,STRONG_DOWN_TREND,BEARISH,HIGH,,
BNTUSDT,BinanceSpot,0.459,27.09.2022,49.453493,0.46105,0.48836,1.183005,0.442118,STRONG_DOWN_TREND,BEARISH,HIGH,,
DCRUSDT,BinanceSpot,25.4,27.09.2022,44.408082,26.475,29.072,37.695,0.403834,STRONG_DOWN_TREND,BEARISH,HIGH,,
RLCUSDT,BinanceSpot,1.219,27.09.2022,49.73113,1.24175,1.27326,1.28996,0.293619,STRONG_DOWN_TREND,BEARISH,MEDIUM,,
SFPUSDT,BinanceSpot,0.363,27.09.2022,49.675805,0.363615,0.379642,0.496488,0.32481,STRONG_DOWN_TREND,BEARISH,HIGH,,
LTCUSDT,BinanceSpot,54.78,27.09.2022,47.849941,56.3605,57.3298,73.6704,0.214723,STRONG_DOWN_TREND,BEARISH,MEDIUM,,
PERPUSDT,BinanceSpot,0.583,27.09.2022,38.553799,0.62255,0.73178,1.8059,0.727157,STRONG_DOWN_TREND,BEARISH,HIGH,,
ILVUSDT,BinanceSpot,60.2,27.09.2022,38.647878,64.59,80.596,265.862,0.767343,STRONG_DOWN_TREND,BEARISH,HIGH,,
YFIUSDT,BinanceSpot,8757.0,27.09.2022,48.915038,8919.4,9447.6412,11590.91705,0.291052,STRONG_DOWN_TREND,BEARISH,MEDIUM,,
ARUSDT,BinanceSpot,10.05,27.09.2022,48.330657,10.015,11.2248,17.75155,0.402241,DOWN_TREND,BEARISH,HIGH,,
PEOPLEUSDT,BinanceSpot,0.02312,27.09.2022,53.045405,0.021915,0.023386,0.033298,0.423524,DOWN_TREND,BULLISH,HIGH,,
KLAYUSDT,BinanceSpot,0.2082,27.09.2022,44.112104,0.21012,0.23717,0.493018,0.331562,STRONG_DOWN_TREND,BEARISH,HIGH,,
DENTUSDT,BinanceSpot,0.000957,27.09.2022,49.171114,0.00096,0.001013,0.00151,0.354832,STRONG_DOWN_TREND,BEARISH,HIGH,,
CELRUSDT,BinanceSpot,0.01598,27.09.2022,46.457985,0.016402,0.01879,0.026343,0.451493,STRONG_DOWN_TREND,BEARISH,HIGH,,
AXSUSDT,BinanceSpot,12.74,27.09.2022,45.30186,13.079,14.4736,25.79135,0.456206,STRONG_DOWN_TREND,BEARISH,HIGH,,
TOMOUSDT,BinanceSpot,0.4676,27.09.2022,48.893808,0.467735,0.511134,0.736094,0.394101,STRONG_DOWN_TREND,BEARISH,HIGH,,
BTCUSDT,BinanceSpot,20211.35,27.09.2022,52.166592,19935.903,20890.2758,28546.28,0.172605,DOWN_TREND,BULLISH,MEDIUM,,
RAYUSDT,BinanceSpot,0.588,27.09.2022,45.911573,0.5994,0.67712,1.36569,0.452186,STRONG_DOWN_TREND,BEARISH,HIGH,,
CELOUSDT,BinanceSpot,0.802,27.09.2022,47.691107,0.8092,0.8787,1.60963,0.434616,STRONG_DOWN_TREND,BEARISH,HIGH,,
STMXUSDT,BinanceSpot,0.007411,27.09.2022,48.472793,0.007436,0.008037,0.010905,0.416453,STRONG_DOWN_TREND,BEARISH,HIGH,,
SHIBUSDT,BinanceSpot,1.137e-05,27.09.2022,46.848297,1.2e-05,1.2e-05,1.5e-05,0.282634,STRONG_DOWN_TREND,BEARISH,MEDIUM,,
TFUELUSDT,BinanceSpot,0.0552,27.09.2022,48.470868,0.05548,0.059338,0.090132,0.386414,STRONG_DOWN_TREND,BEARISH,HIGH,,
VETUSDT,BinanceSpot,0.02367,27.09.2022,48.9157,0.023654,0.025703,0.035913,0.287318,DOWN_TREND,BEARISH,MEDIUM,,
TRIBEUSDT,BinanceSpot,0.2233,27.09.2022,51.13985,0.22438,0.215962,0.293844,0.206904,DOWN_TREND,BULLISH,MEDIUM,,
NEXOUSDT,BinanceSpot,0.942,27.09.2022,51.825328,0.92385,0.94516,,0.269088,,BULLISH,MEDIUM,,
FIOUSDT,BinanceSpot,0.0436,27.09.2022,46.345615,0.044415,0.047118,0.06125,0.379137,STRONG_DOWN_TREND,BEARISH,HIGH,,
STGUSDT,BinanceSpot,0.554,27.09.2022,41.498477,0.60353,,,0.359554,,BEARISH,HIGH,,
BLZUSDT,BinanceSpot,0.0841,27.09.2022,47.938447,0.083245,0.091722,0.111743,0.392147,DOWN_TREND,BEARISH,HIGH,,
FTTUSDT,BinanceSpot,24.93,27.09.2022,48.749584,24.9545,26.79,32.14075,0.183665,STRONG_DOWN_TREND,BEARISH,MEDIUM,,
ANTUSDT,BinanceSpot,1.732,27.09.2022,50.47574,1.7422,1.78836,2.54934,0.395755,STRONG_DOWN_TREND,BULLISH,HIGH,,
HOTUSDT,BinanceSpot,0.002092,27.09.2022,50.292096,0.002075,0.002186,0.003047,0.302518,DOWN_TREND,BULLISH,HIGH,,
HBARUSDT,BinanceSpot,0.0607,27.09.2022,47.553093,0.061545,0.065794,0.10993,0.297117,STRONG_DOWN_TREND,BEARISH,MEDIUM,,
ORNUSDT,BinanceSpot,1.076,27.09.2022,44.060376,1.10875,1.21204,1.877505,0.415351,STRONG_DOWN_TREND,BEARISH,HIGH,,
OGNUSDT,BinanceSpot,0.1497,27.09.2022,42.703507,0.157365,0.178186,0.311994,0.604664,STRONG_DOWN_TREND,BEARISH,HIGH,,
DEXEUSDT,BinanceSpot,3.038,27.09.2022,48.574196,3.0598,3.21948,4.081665,0.340446,STRONG_DOWN_TREND,BEARISH,HIGH,,
STEEMUSDT,BinanceSpot,0.2245,27.09.2022,50.422068,0.222425,0.233434,,0.333676,,BULLISH,HIGH,,
AGLDUSDT,BinanceSpot,0.332,27.09.2022,43.758058,0.3561,0.37858,0.6765,0.60075,STRONG_DOWN_TREND,BEARISH,HIGH,,
CLVUSDT,BinanceSpot,0.08389,27.09.2022,42.966826,0.086972,0.095412,0.17645,0.529968,STRONG_DOWN_TREND,BEARISH,HIGH,,
CVXUSDT,BinanceSpot,5.004,27.09.2022,49.372337,4.9563,5.45152,12.40843,0.636441,DOWN_TREND,BEARISH,HIGH,,
ONTUSDT,BinanceSpot,0.2285,27.09.2022,47.701855,0.23134,0.247988,0.335276,0.32247,STRONG_DOWN_TREND,BEARISH,HIGH,,
WOOUSDT,BinanceSpot,0.1448,27.09.2022,47.060229,0.146195,0.165892,0.267799,0.453423,STRONG_DOWN_TREND,BEARISH,HIGH,,
MCUSDT,BinanceSpot,0.668,27.09.2022,46.410009,0.67805,0.75622,1.236155,0.42035,STRONG_DOWN_TREND,BEARISH,HIGH,,
QTUMUSDT,BinanceSpot,2.981,27.09.2022,47.193763,3.01525,3.32434,4.39265,0.291853,STRONG_DOWN_TREND,BEARISH,MEDIUM,,
LPTUSDT,BinanceSpot,9.33,27.09.2022,46.063497,9.6705,10.3418,14.8712,0.371943,STRONG_DOWN_TREND,BEARISH,HIGH,,
XLMUSDT,BinanceSpot,0.1146,27.09.2022,52.115082,0.112505,0.11214,0.141542,0.184796,UP_TREND,BULLISH,MEDIUM,,
NBSUSDT,BinanceSpot,0.00434,27.09.2022,48.361322,0.004396,0.004596,0.006846,0.46913,STRONG_DOWN_TREND,BEARISH,HIGH,,
JUVUSDT,BinanceSpot,5.28,27.09.2022,48.558674,5.3055,5.5034,4.9466,0.262917,DOWN_TREND,BEARISH,MEDIUM,,
GRTUSDT,BinanceSpot,0.1034,27.09.2022,48.094101,0.106245,0.111864,0.198434,0.437021,STRONG_DOWN_TREND,BEARISH,HIGH,,
SANDUSDT,BinanceSpot,0.8788,27.09.2022,45.240735,0.89423,1.00841,1.650657,0.378182,STRONG_DOWN_TREND,BEARISH,HIGH,,
MINAUSDT,BinanceSpot,0.606,27.09.2022,44.784724,0.6167,0.69606,1.212415,0.424193,STRONG_DOWN_TREND,BEARISH,HIGH,,
FORTHUSDT,BinanceSpot,4.75,27.09.2022,50.224268,4.7265,4.9182,4.7165,0.343928,UP_TREND,BULLISH,HIGH,,
CHZUSDT,BinanceSpot,0.2583,27.09.2022,61.435846,0.227275,0.21124,0.169155,0.163045,STRONG_UP_TREND,BULLISH,MEDIUM,,
DUSKUSDT,BinanceSpot,0.1172,27.09.2022,44.941226,0.121605,0.133542,0.192814,0.457922,STRONG_DOWN_TREND,BEARISH,HIGH,,
SRMUSDT,BinanceSpot,0.785,27.09.2022,48.009062,0.79725,0.84584,1.386135,0.375221,STRONG_DOWN_TREND,BEARISH,HIGH,,
ARPAUSDT,BinanceSpot,0.03467,27.09.2022,47.181373,0.035509,0.037382,0.046192,0.308912,STRONG_DOWN_TREND,BEARISH,HIGH,,
REIUSDT,BinanceSpot,0.031,27.09.2022,43.166611,0.032145,0.03567,,0.465535,DOWN_TREND,BEARISH,HIGH,,
AUCTIONUSDT,BinanceSpot,6.7,27.09.2022,45.885548,6.87,7.84,8.90615,0.437306,STRONG_DOWN_TREND,BEARISH,HIGH,,
BONDUSDT,BinanceSpot,5.286,27.09.2022,42.126721,5.6541,6.4734,6.265725,0.572863,STRONG_DOWN_TREND,BEARISH,HIGH,,
SUPERUSDT,BinanceSpot,0.1281,27.09.2022,46.254666,0.13082,0.142056,0.29266,0.514588,STRONG_DOWN_TREND,BEARISH,HIGH,,
FTMUSDT,BinanceSpot,0.2347,27.09.2022,42.525588,0.24313,0.284948,0.555908,0.517005,STRONG_DOWN_TREND,BEARISH,HIGH,,
JSTUSDT,BinanceSpot,0.02564,27.09.2022,45.357087,0.026092,0.028379,0.041909,0.3414,STRONG_DOWN_TREND,BEARISH,HIGH,,
XTZUSDT,BinanceSpot,1.514,27.09.2022,48.835715,1.53445,1.59996,2.103425,0.253995,STRONG_DOWN_TREND,BEARISH,MEDIUM,,
ALPHAUSDT,BinanceSpot,0.1109,27.09.2022,46.023209,0.11421,0.125818,0.197374,0.479578,STRONG_DOWN_TREND,BEARISH,HIGH,,
KAVAUSDT,BinanceSpot,1.533,27.09.2022,44.811929,1.5711,1.7573,2.608415,0.372642,STRONG_DOWN_TREND,BEARISH,HIGH,,
BETAUSDT,BinanceSpot,0.09535,27.09.2022,43.064057,0.098618,0.11211,0.197171,0.526048,STRONG_DOWN_TREND,BEARISH,HIGH,,
XVGUSDT,BinanceSpot,0.00327,27.09.2022,49.639023,0.003306,0.003346,0.005636,0.408797,STRONG_DOWN_TREND,BEARISH,HIGH,,
CHESSUSDT,BinanceSpot,0.261,27.09.2022,44.571314,0.26895,0.29392,0.44313,0.466045,STRONG_DOWN_TREND,BEARISH,HIGH,,
HIGHUSDT,BinanceSpot,1.376,27.09.2022,44.782677,1.40555,1.54346,2.60978,0.538131,STRONG_DOWN_TREND,BEARISH,HIGH,,
LINAUSDT,BinanceSpot,0.00736,27.09.2022,45.306717,0.007628,0.008382,0.012894,0.445642,STRONG_DOWN_TREND,BEARISH,HIGH,,
OXTUSDT,BinanceSpot,0.1017,27.09.2022,45.758783,0.10458,0.10932,0.151778,0.329624,STRONG_DOWN_TREND,BEARISH,HIGH,,
ZRXUSDT,BinanceSpot,0.2763,27.09.2022,45.504111,0.285455,0.306824,0.442593,0.41086,STRONG_DOWN_TREND,BEARISH,HIGH,,
POLSUSDT,BinanceSpot,0.481,27.09.2022,45.744687,0.4939,0.52792,0.79405,0.449579,STRONG_DOWN_TREND,BEARISH,HIGH,,
MATICUSDT,BinanceSpot,0.7804,27.09.2022,47.284243,0.807355,0.840594,0.918944,0.243915,STRONG_DOWN_TREND,BEARISH,MEDIUM,,
COSUSDT,BinanceSpot,0.00602,27.09.2022,41.546375,0.006255,0.006932,0.009458,0.354591,STRONG_DOWN_TREND,BEARISH,HIGH,,
DODOUSDT,BinanceSpot,0.1263,27.09.2022,48.297682,0.126085,0.136332,0.22149,0.444009,DOWN_TREND,BEARISH,HIGH,,
MASKUSDT,BinanceSpot,1.207,27.09.2022,44.287855,1.27415,1.3935,2.405015,0.484298,STRONG_DOWN_TREND,BEARISH,HIGH,,
POWRUSDT,BinanceSpot,0.2005,27.09.2022,45.665902,0.206595,0.220586,0.316588,0.360357,STRONG_DOWN_TREND,BEARISH,HIGH,,
YFIIUSDT,BinanceSpot,899.2,27.09.2022,42.961003,921.725,1086.316,1321.2655,0.471738,STRONG_DOWN_TREND,BEARISH,HIGH,,
BATUSDT,BinanceSpot,0.3085,27.09.2022,43.665011,0.3196,0.354498,0.486755,0.289108,STRONG_DOWN_TREND,BEARISH,MEDIUM,,
ETHUSDT,BinanceSpot,1390.1,27.09.2022,44.896886,1473.4705,1596.9182,1985.44385,0.246175,STRONG_DOWN_TREND,BEARISH,MEDIUM,,
TRXUPUSDT,BinanceSpot,0.05138,27.09.2022,47.02716,0.05225,0.057472,0.068007,0.396811,STRONG_DOWN_TREND,BEARISH,HIGH,,
HNTUSDT,BinanceSpot,4.64,27.09.2022,46.82124,4.6355,5.7514,11.63205,0.55426,DOWN_TREND,BEARISH,HIGH,,
FETUSDT,BinanceSpot,0.0836,27.09.2022,47.689364,0.086945,0.088794,0.177865,0.444716,STRONG_DOWN_TREND,BEARISH,HIGH,,
CVCUSDT,BinanceSpot,0.1325,27.09.2022,45.43808,0.136705,0.147336,0.19464,0.332488,STRONG_DOWN_TREND,BEARISH,HIGH,,
WINUSDT,BinanceSpot,9.94e-05,27.09.2022,39.0754,0.000102,0.000117,0.000175,0.31946,STRONG_DOWN_TREND,BEARISH,HIGH,,
STPTUSDT,BinanceSpot,0.04288,27.09.2022,46.038405,0.044714,0.046123,0.059124,0.391988,STRONG_DOWN_TREND,BEARISH,HIGH,,
MOVRUSDT,BinanceSpot,10.98,27.09.2022,41.202886,11.5385,12.9928,27.3717,0.639512,STRONG_DOWN_TREND,BEARISH,HIGH,,
STXUSDT,BinanceSpot,0.334,27.09.2022,42.626203,0.3481,0.38472,0.658515,0.362065,STRONG_DOWN_TREND,BEARISH,HIGH,,
WANUSDT,BinanceSpot,0.1894,27.09.2022,46.335755,0.19201,0.203958,0.284501,0.323923,STRONG_DOWN_TREND,BEARISH,HIGH,,
VOXELUSDT,BinanceSpot,0.2663,27.09.2022,39.764649,0.282875,0.313876,0.70085,0.769473,STRONG_DOWN_TREND,BEARISH,HIGH,,
STORJUSDT,BinanceSpot,0.4783,27.09.2022,43.595582,0.49558,0.559414,0.744377,0.388866,STRONG_DOWN_TREND,BEARISH,HIGH,,
ADAUSDT,BinanceSpot,0.4568,27.09.2022,47.18438,0.468935,0.479884,0.629482,0.244189,STRONG_DOWN_TREND,BEARISH,MEDIUM,,
BURGERUSDT,BinanceSpot,0.986,27.09.2022,42.585467,1.03145,1.17104,1.232625,0.502298,STRONG_DOWN_TREND,BEARISH,HIGH,,
BTGUSDT,BinanceSpot,21.78,27.09.2022,45.327639,22.8415,24.5764,25.66175,0.283661,STRONG_DOWN_TREND,BEARISH,MEDIUM,,
MDXUSDT,BinanceSpot,0.0621,27.09.2022,37.979203,0.06696,0.077436,0.127283,0.426567,STRONG_DOWN_TREND,BEARISH,HIGH,,
ALCXUSDT,BinanceSpot,20.9,27.09.2022,42.865371,21.43,24.858,45.348,0.535832,STRONG_DOWN_TREND,BEARISH,HIGH,,
ZILUSDT,BinanceSpot,0.03249,27.09.2022,42.592347,0.033896,0.03722,0.057061,0.52463,STRONG_DOWN_TREND,BEARISH,HIGH,,
TUSDT,BinanceSpot,0.0306,27.09.2022,43.764602,0.03172,0.034132,0.060776,0.40671,STRONG_DOWN_TREND,BEARISH,HIGH,,
ARDRUSDT,BinanceSpot,0.0997,27.09.2022,44.320255,0.103775,0.108122,0.138604,0.290699,STRONG_DOWN_TREND,BEARISH,MEDIUM,,
SCUSDT,BinanceSpot,0.00358,27.09.2022,40.4024,0.003755,0.004089,0.006071,0.320118,STRONG_DOWN_TREND,BEARISH,HIGH,,
FUNUSDT,BinanceSpot,0.00744,27.09.2022,44.630034,0.007561,0.007815,0.008937,0.113435,STRONG_DOWN_TREND,BEARISH,MEDIUM,,
AVAUSDT,BinanceSpot,0.754,27.09.2022,45.584312,0.78695,0.80392,0.919985,0.342051,STRONG_DOWN_TREND,BEARISH,HIGH,,
TRXUSDT,BinanceSpot,0.06069,27.09.2022,45.668503,0.061252,0.063852,0.067749,0.145797,STRONG_DOWN_TREND,BEARISH,MEDIUM,,
OMUSDT,BinanceSpot,0.0432,27.09.2022,43.812017,0.044625,0.048584,0.059779,0.36556,STRONG_DOWN_TREND,BEARISH,HIGH,,
NKNUSDT,BinanceSpot,0.0923,27.09.2022,45.981088,0.09479,0.10193,0.130826,0.424049,STRONG_DOWN_TREND,BEARISH,HIGH,,
ELFUSDT,BinanceSpot,0.1333,27.09.2022,43.255387,0.137765,0.148686,0.210716,0.432038,STRONG_DOWN_TREND,BEARISH,HIGH,,
REPUSDT,BinanceSpot,7.17,27.09.2022,41.465353,7.503,7.9292,9.96705,0.329099,STRONG_DOWN_TREND,BEARISH,HIGH,,
PNTUSDT,BinanceSpot,0.2625,27.09.2022,54.425023,0.25254,0.261006,0.340677,0.348016,UP_TREND,BULLISH,HIGH,,
MOBUSDT,BinanceSpot,0.912,27.09.2022,39.283211,0.9483,1.04328,,0.369803,DOWN_TREND,BEARISH,HIGH,,
FLOWUSDT,BinanceSpot,1.704,27.09.2022,42.198428,1.8126,2.08504,3.17589,0.421591,STRONG_DOWN_TREND,BEARISH,HIGH,,
NULSUSDT,BinanceSpot,0.1966,27.09.2022,46.934837,0.20045,0.211938,0.275432,0.352992,STRONG_DOWN_TREND,BEARISH,HIGH,,
GLMRUSDT,BinanceSpot,0.4755,27.09.2022,42.88577,0.497455,0.56407,1.500816,0.886425,STRONG_DOWN_TREND,BEARISH,HIGH,,
BUSDUSDT,BinanceSpot,1.0001,27.09.2022,54.851451,0.99998,0.999966,1.000306,0.003298,UP_TREND,BULLISH,LOW,,
DNTUSDT,BinanceSpot,0.0428,27.09.2022,45.887325,0.044385,0.046452,0.06259,0.433156,STRONG_DOWN_TREND,BEARISH,HIGH,,
TKOUSDT,BinanceSpot,0.253,27.09.2022,42.380402,0.26115,0.27966,0.425205,0.334604,STRONG_DOWN_TREND,BEARISH,HIGH,,
ACHUSDT,BinanceSpot,0.0119,27.09.2022,42.887974,0.012175,0.01343,0.020423,0.397284,STRONG_DOWN_TREND,BEARISH,HIGH,,
OPUSDT,BinanceSpot,0.956,27.09.2022,41.689957,1.08485,1.19524,,0.438269,DOWN_TREND,BEARISH,HIGH,,
IOSTUSDT,BinanceSpot,0.01216,27.09.2022,44.499468,0.012482,0.013334,0.018542,0.320684,STRONG_DOWN_TREND,BEARISH,HIGH,,
AUTOUSDT,BinanceSpot,238.1,27.09.2022,41.435921,245.87,280.252,305.523,0.30975,STRONG_DOWN_TREND,BEARISH,HIGH,,
XEMUSDT,BinanceSpot,0.0408,27.09.2022,44.836624,0.042205,0.045122,0.062256,0.308463,STRONG_DOWN_TREND,BEARISH,HIGH,,
FARMUSDT,BinanceSpot,39.1,27.09.2022,42.266665,40.505,44.492,59.7205,0.40552,STRONG_DOWN_TREND,BEARISH,HIGH,,
CHRUSDT,BinanceSpot,0.1548,27.09.2022,45.327198,0.16081,0.176892,0.263528,0.398046,STRONG_DOWN_TREND,BEARISH,HIGH,,
LEVERUSDT,BinanceSpot,0.001828,27.09.2022,42.133123,0.001953,0.002291,,0.392759,DOWN_TREND,BEARISH,HIGH,,
EGLDUSDT,BinanceSpot,47.72,27.09.2022,43.823705,49.2905,53.175,89.6084,0.344442,STRONG_DOWN_TREND,BEARISH,HIGH,,
SLPUSDT,BinanceSpot,0.00339,27.09.2022,40.632302,0.003578,0.004033,0.008108,0.541648,STRONG_DOWN_TREND,BEARISH,HIGH,,
DEGOUSDT,BinanceSpot,1.619,27.09.2022,41.603834,1.7116,1.91158,2.138695,0.390761,STRONG_DOWN_TREND,BEARISH,HIGH,,
TLMUSDT,BinanceSpot,0.02216,27.09.2022,43.822088,0.022884,0.02553,0.049668,0.470687,STRONG_DOWN_TREND,BEARISH,HIGH,,
MTLUSDT,BinanceSpot,1.092,27.09.2022,44.112614,1.13705,1.21544,1.51835,0.372037,STRONG_DOWN_TREND,BEARISH,HIGH,,
ADAUPUSDT,BinanceSpot,1.018,27.09.2022,48.17513,1.08595,1.06258,3.516665,1.160676,STRONG_DOWN_TREND,BEARISH,HIGH,,
CFXUSDT,BinanceSpot,0.0439,27.09.2022,41.937995,0.04801,0.052196,0.086738,0.450972,STRONG_DOWN_TREND,BEARISH,HIGH,,
DIAUSDT,BinanceSpot,0.385,27.09.2022,49.201621,0.3844,0.404,0.564555,0.354697,DOWN_TREND,BEARISH,HIGH,,
CTKUSDT,BinanceSpot,0.891,27.09.2022,45.970829,0.929,0.93758,0.98157,0.230006,STRONG_DOWN_TREND,BEARISH,MEDIUM,,
ANKRUSDT,BinanceSpot,0.0313,27.09.2022,44.674763,0.033006,0.036826,0.045934,0.333701,STRONG_DOWN_TREND,BEARISH,HIGH,,
TRXDOWNUSDT,BinanceSpot,1.246,27.09.2022,51.362607,1.237,1.17012,3.378415,0.814479,UP_TREND,BULLISH,HIGH,,
COCOSUSDT,BinanceSpot,0.6081,27.09.2022,38.988282,0.63411,0.681688,0.882083,0.310848,STRONG_DOWN_TREND,BEARISH,HIGH,,
UTKUSDT,BinanceSpot,0.1061,27.09.2022,42.815205,0.10958,0.11995,0.163951,0.328089,STRONG_DOWN_TREND,BEARISH,HIGH,,
BELUSDT,BinanceSpot,0.57,27.09.2022,41.142006,0.60135,0.68618,0.778855,0.459427,STRONG_DOWN_TREND,BEARISH,HIGH,,
ALPACAUSDT,BinanceSpot,0.3048,27.09.2022,61.996293,0.283685,0.2728,0.336087,0.281434,UP_TREND,BULLISH,MEDIUM,,
KEYUSDT,BinanceSpot,0.004507,27.09.2022,47.188345,0.004698,0.004689,0.005331,0.322977,STRONG_DOWN_TREND,BEARISH,HIGH,,
AKROUSDT,BinanceSpot,0.00405,27.09.2022,50.295794,0.004024,0.00412,0.006529,0.432105,DOWN_TREND,BULLISH,HIGH,,
LITUSDT,BinanceSpot,0.606,27.09.2022,42.055024,0.6466,0.74176,0.94694,0.452944,STRONG_DOWN_TREND,BEARISH,HIGH,,
WAVESUSDT,BinanceSpot,4.0,27.09.2022,40.817433,4.25385,4.74782,11.595975,0.859865,STRONG_DOWN_TREND,BEARISH,HIGH,,
BIFIUSDT,BinanceSpot,345.3,27.09.2022,41.430645,358.55,390.802,,0.446922,DOWN_TREND,BEARISH,HIGH,,
CTXCUSDT,BinanceSpot,0.112,27.09.2022,42.525711,0.11813,0.127402,0.165287,0.368326,STRONG_DOWN_TREND,BEARISH,HIGH,,
IDEXUSDT,BinanceSpot,0.06292,27.09.2022,43.378168,0.065026,0.069152,0.09215,0.402969,STRONG_DOWN_TREND,BEARISH,HIGH,,
WAXPUSDT,BinanceSpot,0.0872,27.09.2022,41.960609,0.09103,0.099916,0.156454,0.365507,STRONG_DOWN_TREND,BEARISH,HIGH,,
ONGUSDT,BinanceSpot,0.3353,27.09.2022,42.628409,0.3463,0.372748,0.487878,0.297248,STRONG_DOWN_TREND,BEARISH,MEDIUM,,
LRCUSDT,BinanceSpot,0.3073,27.09.2022,41.998418,0.32289,0.365584,0.557876,0.407799,STRONG_DOWN_TREND,BEARISH,HIGH,,
IMXUSDT,BinanceSpot,0.77,27.09.2022,45.100115,0.79465,0.86542,1.20717,0.377465,STRONG_DOWN_TREND,BEARISH,HIGH,,
FRONTUSDT,BinanceSpot,0.2232,27.09.2022,47.353476,0.229365,0.237864,0.311828,0.376828,STRONG_DOWN_TREND,BEARISH,HIGH,,
BTTCUSDT,BinanceSpot,8e-07,27.09.2022,42.455666,1e-06,1e-06,1e-06,0.209226,STRONG_DOWN_TREND,BEARISH,MEDIUM,,
RADUSDT,BinanceSpot,2.021,27.09.2022,41.722561,2.21265,2.295,2.842495,0.43037,STRONG_DOWN_TREND,BEARISH,HIGH,,
KDAUSDT,BinanceSpot,1.454,27.09.2022,44.341168,1.5033,1.64668,2.924135,0.427305,STRONG_DOWN_TREND,BEARISH,HIGH,,
UMAUSDT,BinanceSpot,2.391,27.09.2022,39.890076,2.5209,2.7684,3.98127,0.364904,STRONG_DOWN_TREND,BEARISH,HIGH,,
BEAMUSDT,BinanceSpot,0.1891,27.09.2022,50.196162,0.196015,0.18266,0.215536,0.331115,DOWN_TREND,BULLISH,HIGH,,
FISUSDT,BinanceSpot,0.326,27.09.2022,45.621285,0.336615,0.351748,0.437881,0.334268,STRONG_DOWN_TREND,BEARISH,HIGH,,
MANAUSDT,BinanceSpot,0.717,27.09.2022,43.486471,0.738175,0.82073,1.276231,0.31676,STRONG_DOWN_TREND,BEARISH,HIGH,,
ICXUSDT,BinanceSpot,0.2437,27.09.2022,43.083984,0.256765,0.280946,0.452472,0.360255,STRONG_DOWN_TREND,BEARISH,HIGH,,
DARUSDT,BinanceSpot,0.21014,27.09.2022,41.014607,0.222463,0.255647,0.526837,0.793345,STRONG_DOWN_TREND,BEARISH,HIGH,,
CRVUSDT,BinanceSpot,0.967,27.09.2022,45.568898,1.0254,1.11148,1.484775,0.401655,STRONG_DOWN_TREND,BEARISH,HIGH,,
ENJUSDT,BinanceSpot,0.4776,27.09.2022,44.245764,0.496055,0.546422,0.831546,0.350761,STRONG_DOWN_TREND,BEARISH,HIGH,,
MBLUSDT,BinanceSpot,0.003544,27.09.2022,41.487575,0.003703,0.003992,0.006285,0.532703,STRONG_DOWN_TREND,BEARISH,HIGH,,
GHSTUSDT,BinanceSpot,1.185,27.09.2022,31.496447,1.2037,1.25824,1.52739,0.064567,STRONG_DOWN_TREND,BEARISH,LOW,,
RUNEUSDT,BinanceSpot,1.652,27.09.2022,41.338726,1.74425,2.03898,4.157885,0.643927,STRONG_DOWN_TREND,BEARISH,HIGH,,
AMPUSDT,BinanceSpot,0.00493,27.09.2022,34.10682,0.00534,0.006356,0.013173,0.45346,STRONG_DOWN_TREND,BEARISH,HIGH,,
YGGUSDT,BinanceSpot,0.3805,27.09.2022,39.207675,0.421905,0.526898,1.095466,0.708681,STRONG_DOWN_TREND,BEARISH,HIGH,,
PLAUSDT,BinanceSpot,0.322,27.09.2022,42.908327,0.34375,0.3704,0.5567,0.48401,STRONG_DOWN_TREND,BEARISH,HIGH,,
GNOUSDT,BinanceSpot,127.6,27.09.2022,40.612203,140.305,156.088,213.75,0.33357,STRONG_DOWN_TREND,BEARISH,HIGH,,
ETHDOWNUSDT,BinanceSpot,1.0127,27.09.2022,49.714371,0.995145,0.907684,1.180567,0.573003,UP_TREND,BEARISH,HIGH,,
QIUSDT,BinanceSpot,0.00997,27.09.2022,39.418806,0.010542,0.012519,0.024278,0.651402,STRONG_DOWN_TREND,BEARISH,HIGH,,
QUICKUSDT,BinanceSpot,57.3,27.09.2022,42.625976,59.165,67.354,105.505,0.522747,STRONG_DOWN_TREND,BEARISH,HIGH,,
NMRUSDT,BinanceSpot,15.15,27.09.2022,36.591587,16.262,17.6612,18.83325,0.355115,STRONG_DOWN_TREND,BEARISH,HIGH,,
BTCSTUSDT,BinanceSpot,8.9,27.09.2022,38.877576,9.5355,14.01,12.31625,0.669809,STRONG_DOWN_TREND,BEARISH,HIGH,,
XNOUSDT,BinanceSpot,0.789,27.09.2022,42.482941,0.82975,0.89886,1.305085,0.384842,STRONG_DOWN_TREND,BEARISH,HIGH,,
TWTUSDT,BinanceSpot,0.9257,27.09.2022,44.197917,0.963075,1.004822,0.915227,0.207346,DOWN_TREND,BEARISH,MEDIUM,,
ADADOWNUSDT,BinanceSpot,0.004331,27.09.2022,50.751273,0.004133,0.004192,0.005562,0.567142,UP_TREND,BULLISH,HIGH,,
DFUSDT,BinanceSpot,0.0329,27.09.2022,44.726096,0.03387,0.036496,0.047994,0.420027,STRONG_DOWN_TREND,BEARISH,HIGH,,
VTHOUSDT,BinanceSpot,0.001434,27.09.2022,41.419802,0.001486,0.001648,0.002351,0.441372,STRONG_DOWN_TREND,BEARISH,HIGH,,
IRISUSDT,BinanceSpot,0.01889,27.09.2022,47.869832,0.019092,0.020316,0.031643,0.373864,STRONG_DOWN_TREND,BEARISH,HIGH,,
TVKUSDT,BinanceSpot,0.0346,27.09.2022,35.936193,0.03746,0.043904,0.062423,0.459853,STRONG_DOWN_TREND,BEARISH,HIGH,,
TROYUSDT,BinanceSpot,0.003731,27.09.2022,43.966954,0.003828,0.00417,0.005278,0.365628,STRONG_DOWN_TREND,BEARISH,HIGH,,
PAXGUSDT,BinanceSpot,1630.0,27.09.2022,31.219859,1670.3,1712.42,1817.89,0.036864,STRONG_DOWN_TREND,BEARISH,LOW,,
MLNUSDT,BinanceSpot,20.1,27.09.2022,38.497062,21.441,23.832,34.0335,0.450252,STRONG_DOWN_TREND,BEARISH,HIGH,,
MULTIUSDT,BinanceSpot,4.31,27.09.2022,42.185266,4.6005,5.034,,0.378082,DOWN_TREND,BEARISH,HIGH,,
BALUSDT,BinanceSpot,5.546,27.09.2022,42.398928,6.0988,6.40112,8.59503,0.408732,STRONG_DOWN_TREND,BEARISH,HIGH,,
GTCUSDT,BinanceSpot,1.836,27.09.2022,41.47856,1.97735,2.3135,3.578655,0.515973,STRONG_DOWN_TREND,BEARISH,HIGH,,
AUDIOUSDT,BinanceSpot,0.222,27.09.2022,38.218146,0.24405,0.289,0.554865,0.703964,STRONG_DOWN_TREND,BEARISH,HIGH,,
ETCUSDT,BinanceSpot,29.45,27.09.2022,42.333374,33.021,34.9104,29.3606,0.264827,DOWN_TREND,BEARISH,MEDIUM,,
OOKIUSDT,BinanceSpot,0.005,27.09.2022,39.768601,0.005455,0.006291,0.007679,0.48962,STRONG_DOWN_TREND,BEARISH,HIGH,,
PHAUSDT,BinanceSpot,0.0915,27.09.2022,39.626465,0.095375,0.105254,0.156977,0.339166,STRONG_DOWN_TREND,BEARISH,HIGH,,
VIDTUSDT,BinanceSpot,0.2701,27.09.2022,47.171958,0.277365,0.286144,0.313402,0.398963,STRONG_DOWN_TREND,BEARISH,HIGH,,
TRUUSDT,BinanceSpot,0.0542,27.09.2022,39.617431,0.058745,0.065886,0.110938,0.537239,STRONG_DOWN_TREND,BEARISH,HIGH,,
MBOXUSDT,BinanceSpot,0.633,27.09.2022,46.465599,0.6586,0.6599,1.24476,0.463811,STRONG_DOWN_TREND,BEARISH,HIGH,,
MITHUSDT,BinanceSpot,0.02155,27.09.2022,43.500247,0.022518,0.023908,0.025626,0.421181,STRONG_DOWN_TREND,BEARISH,HIGH,,
LTOUSDT,BinanceSpot,0.0778,27.09.2022,43.125017,0.080845,0.08682,0.125887,0.365317,STRONG_DOWN_TREND,BEARISH,HIGH,,
FIROUSDT,BinanceSpot,2.855,27.09.2022,51.17118,2.94075,2.68052,2.68137,0.321671,UP_TREND,BULLISH,HIGH,,
MIRUSDT,BinanceSpot,0.21482,27.09.2022,50.454556,0.228652,0.204837,0.601486,0.743274,DOWN_TREND,BULLISH,HIGH,,
APEUSDT,BinanceSpot,5.749,27.09.2022,54.880285,5.38315,5.415382,,0.39888,UP_TREND,BULLISH,HIGH,,
GTOUSDT,BinanceSpot,0.02006,27.09.2022,47.755449,0.020523,0.020928,0.026183,0.414565,STRONG_DOWN_TREND,BEARISH,HIGH,,
PONDUSDT,BinanceSpot,0.01082,27.09.2022,47.376582,0.011129,0.011399,0.016628,0.397149,STRONG_DOWN_TREND,BEARISH,HIGH,,
AUDUSDT,BinanceSpot,0.6477,27.09.2022,27.753412,0.6684,0.681688,0.70376,0.033356,STRONG_DOWN_TREND,OVERSOLD,LOW,,
LOKAUSDT,BinanceSpot,0.5214,27.09.2022,41.863967,0.559785,0.604514,1.343933,0.863132,STRONG_DOWN_TREND,BEARISH,HIGH,,
CKBUSDT,BinanceSpot,0.00393,27.09.2022,50.322889,0.003896,0.004121,0.006166,0.31745,DOWN_TREND,BULLISH,HIGH,,
STRAXUSDT,BinanceSpot,0.515,27.09.2022,37.56958,0.5522,0.61484,0.75703,0.372657,STRONG_DOWN_TREND,BEARISH,HIGH,,
BNXUSDT,BinanceSpot,154.4,27.09.2022,53.701359,154.595,142.164,117.4055,0.139197,UP_TREND,BULLISH,MEDIUM,,
EURUSDT,BinanceSpot,0.9629,27.09.2022,25.301719,0.99131,0.9994,1.042944,0.027221,STRONG_DOWN_TREND,OVERSOLD,LOW,,
REQUSDT,BinanceSpot,0.1049,27.09.2022,43.779703,0.111805,0.11686,0.146782,0.349837,STRONG_DOWN_TREND,BEARISH,HIGH,,
BSWUSDT,BinanceSpot,0.2791,27.09.2022,40.527626,0.293695,0.312608,,0.518502,DOWN_TREND,BEARISH,HIGH,,
MDTUSDT,BinanceSpot,0.02534,27.09.2022,45.916345,0.026246,0.027187,0.036339,0.370749,STRONG_DOWN_TREND,BEARISH,HIGH,,
SCRTUSDT,BinanceSpot,0.995,27.09.2022,44.413779,1.04605,1.12924,2.27237,0.479079,STRONG_DOWN_TREND,BEARISH,HIGH,,
GALAUSDT,BinanceSpot,0.04175,27.09.2022,38.319087,0.04565,0.051778,0.103261,0.499875,STRONG_DOWN_TREND,BEARISH,HIGH,,
ALICEUSDT,BinanceSpot,1.76,27.09.2022,38.899211,1.923,2.15924,3.589665,0.439775,STRONG_DOWN_TREND,BEARISH,HIGH,,
WINGUSDT,BinanceSpot,9.04,27.09.2022,42.66309,9.7835,11.22,8.3441,0.559267,DOWN_TREND,BEARISH,HIGH,,
SPELLUSDT,BinanceSpot,0.0010538,27.09.2022,35.473843,0.00117,0.001334,0.002015,0.516491,STRONG_DOWN_TREND,BEARISH,HIGH,,
AIONUSDT,BinanceSpot,0.03938,27.09.2022,41.067127,0.042905,0.044616,0.052223,0.355002,STRONG_DOWN_TREND,BEARISH,HIGH,,
CVPUSDT,BinanceSpot,0.326,27.09.2022,45.787011,0.346875,0.356492,0.471699,0.421494,STRONG_DOWN_TREND,BEARISH,HIGH,,
WNXMUSDT,BinanceSpot,14.8,27.09.2022,43.637706,15.613,16.662,20.0876,0.445013,STRONG_DOWN_TREND,BEARISH,HIGH,,
SNXUSDT,BinanceSpot,2.374,27.09.2022,39.530961,2.61055,2.99508,3.5908,0.437359,STRONG_DOWN_TREND,BEARISH,HIGH,,
HIVEUSDT,BinanceSpot,0.5,27.09.2022,40.478926,0.53438,0.555748,0.635666,0.294211,STRONG_DOWN_TREND,BEARISH,MEDIUM,,
GBPUSDT,BinanceSpot,1.083,27.09.2022,18.890535,1.13075,1.1606,1.227645,0.032624,STRONG_DOWN_TREND,OVERSOLD,LOW,,
MFTUSDT,BinanceSpot,0.004956,27.09.2022,40.636155,0.005819,0.005717,0.005892,0.433083,STRONG_DOWN_TREND,BEARISH,HIGH,,
BICOUSDT,BinanceSpot,0.424,27.09.2022,37.868778,0.46325,0.51102,0.800165,0.466623,STRONG_DOWN_TREND,BEARISH,HIGH,,
FLUXUSDT,BinanceSpot,0.907,27.09.2022,43.029354,1.06765,1.01134,0.948975,0.29847,STRONG_DOWN_TREND,BEARISH,MEDIUM,,
LDOUSDT,BinanceSpot,1.694,27.09.2022,44.124103,1.82105,2.0336,,0.379707,DOWN_TREND,BEARISH,HIGH,,
RAREUSDT,BinanceSpot,0.166,27.09.2022,36.152782,0.18455,0.21064,0.327425,0.670742,STRONG_DOWN_TREND,BEARISH,HIGH,,
DREPUSDT,BinanceSpot,0.5333,27.09.2022,50.724612,0.531255,0.53092,0.64051,0.3358,UP_TREND,BULLISH,HIGH,,
JASMYUSDT,BinanceSpot,0.006965,27.09.2022,34.147722,0.007974,0.008833,0.014499,0.621576,STRONG_DOWN_TREND,BEARISH,HIGH,,
EOSUSDT,BinanceSpot,1.21,27.09.2022,41.164534,1.396,1.44254,1.57924,0.289239,STRONG_DOWN_TREND,BEARISH,MEDIUM,,
FIDAUSDT,BinanceSpot,0.4053,27.09.2022,44.390865,0.43489,0.452166,0.77856,0.50847,STRONG_DOWN_TREND,BEARISH,HIGH,,
TCTUSDT,BinanceSpot,0.00721,27.09.2022,34.054142,0.008518,0.009891,0.013272,0.599203,STRONG_DOWN_TREND,BEARISH,HIGH,,
NEARUSDT,BinanceSpot,3.771,27.09.2022,42.003496,4.1947,4.4476,7.182755,0.45968,STRONG_DOWN_TREND,BEARISH,HIGH,,
BNBDOWNUSDT,BinanceSpot,0.04105,27.09.2022,45.885909,0.042506,0.040592,0.06434,0.553976,DOWN_TREND,BEARISH,HIGH,,
BTCDOWNUSDT,BinanceSpot,0.031856,27.09.2022,46.041976,0.033415,0.030983,0.02533,0.290345,UP_TREND,BEARISH,MEDIUM,,
TORNUSDT,BinanceSpot,6.9,27.09.2022,37.870126,8.012,9.6724,27.70135,1.087257,STRONG_DOWN_TREND,BEARISH,HIGH,,
ANCUSDT,BinanceSpot,0.09459,27.09.2022,46.726022,0.112238,0.101934,0.785391,2.275608,STRONG_DOWN_TREND,BEARISH,HIGH,,
ATOMUSDT,BinanceSpot,14.479,27.09.2022,52.869975,14.77405,12.99302,14.813095,0.213922,DOWN_TREND,BULLISH,MEDIUM,,
C98USDT,BinanceSpot,0.3624,27.09.2022,41.668951,0.398755,0.429042,0.780266,0.495936,STRONG_DOWN_TREND,BEARISH,HIGH,,
BADGERUSDT,BinanceSpot,3.65,27.09.2022,42.055789,4.061,4.1276,5.6322,0.434881,STRONG_DOWN_TREND,BEARISH,HIGH,,
DOCKUSDT,BinanceSpot,0.0215,27.09.2022,47.36239,0.022702,0.02221,0.025879,0.292983,STRONG_DOWN_TREND,BEARISH,MEDIUM,,
RVNUSDT,BinanceSpot,0.03824,27.09.2022,45.879702,0.047418,0.038777,0.038349,0.297494,STRONG_DOWN_TREND,BEARISH,MEDIUM,,
SUNUSDT,BinanceSpot,0.00508,27.09.2022,36.485966,0.005621,0.005902,0.008888,0.326602,STRONG_DOWN_TREND,BEARISH,HIGH,,
LUNCUSDT,BinanceSpot,0.00027947,27.09.2022,43.814605,,,,0.560699,,BEARISH,HIGH,,
FORUSDT,BinanceSpot,0.01905,27.09.2022,48.749041,0.019366,0.01984,0.025783,0.329336,STRONG_DOWN_TREND,BEARISH,HIGH,,
ACAUSDT,BinanceSpot,0.2008,27.09.2022,41.672088,0.221365,0.225934,0.577844,0.781387,STRONG_DOWN_TREND,BEARISH,HIGH,,
PUNDIXUSDT,BinanceSpot,0.496,27.09.2022,45.738661,0.54025,0.5513,0.59792,0.426065,STRONG_DOWN_TREND,BEARISH,HIGH,,
LUNAUSDT,BinanceSpot,2.5551,27.09.2022,48.066475,3.260895,2.401122,35.35879,,DOWN_TREND,BEARISH,,,
HARDUSDT,BinanceSpot,0.1965,27.09.2022,46.954849,0.203785,0.21447,0.283818,0.425508,STRONG_DOWN_TREND,BEARISH,HIGH,,
VITEUSDT,BinanceSpot,0.02495,27.09.2022,46.267285,0.026438,0.027041,0.033112,0.363815,STRONG_DOWN_TREND,BEARISH,HIGH,,
KNCUSDT,BinanceSpot,1.188,27.09.2022,29.763534,1.5921,1.67442,2.25157,0.510717,STRONG_DOWN_TREND,OVERSOLD,HIGH,,
PERLUSDT,BinanceSpot,0.0211,27.09.2022,46.254392,0.022725,0.022596,0.027616,0.40606,STRONG_DOWN_TREND,BEARISH,HIGH,,
DOTDOWNUSDT,BinanceSpot,13.455,27.09.2022,45.838036,14.26055,13.05464,15.655585,0.579059,DOWN_TREND,BEARISH,HIGH,,
FXSUSDT,BinanceSpot,4.279,27.09.2022,27.25535,5.24645,5.84982,11.916745,0.743675,STRONG_DOWN_TREND,OVERSOLD,HIGH,,
LINKDOWNUSDT,BinanceSpot,0.005108,27.09.2022,36.709379,0.006523,0.007492,0.012527,1.133711,STRONG_DOWN_TREND,BEARISH,HIGH,,
XRPDOWNUSDT,BinanceSpot,0.0003084,27.09.2022,30.633444,0.000613,0.000754,0.000825,1.039418,STRONG_DOWN_TREND,BEARISH,HIGH,,
