Asset,Exchange,LastPrice,RSI_14,SMA_20,SMA_50,SMA_200,ATR%_W,MovingAveragesRating,OscillatorsRating,VolatilityRating,LastDate
1000REEFUSDPERP,PhemexFutures,5.2,55.588422,4.9922,4.3461,,0.202828,UP_TREND,BULLISH,MEDIUM,29.09.2022
CHZUSDPERP,PhemexFutures,0.2414,54.628466,0.231235,0.21464,0.169409,0.183545,STRONG_UP_TREND,BULLISH,MEDIUM,29.09.2022
APEUSDPERP,PhemexFutures,5.435,50.773739,5.4275,5.3395,,0.314738,UP_TREND,BULLISH,HIGH,29.09.2022
XRPUSDPERP,PhemexFutures,0.4876,65.312029,0.40881,0.371724,0.475217,0.16567,STRONG_UP_TREND,BULLISH,MEDIUM,29.09.2022
ASTRUSDPERP,PhemexFutures,0.0387,49.51226,0.038575,0.03942,,0.368003,,BEARISH,HIGH,29.09.2022
LINKUSDPERP,PhemexFutures,7.892,55.592049,7.57975,7.4657,9.168665,0.220623,UP_TREND,BULLISH,MEDIUM,29.09.2022
INJUSDPERP,PhemexFutures,1.683,52.067016,1.65355,1.67616,,0.281993,UP_TREND,BULLISH,MEDIUM,29.09.2022
COMPUSDPERP,PhemexFutures,62.0,59.692787,57.565,54.253,75.14325,0.295308,UP_TREND,BULLISH,MEDIUM,29.09.2022
ATOMUSDPERP,PhemexFutures,12.777,44.327635,14.4995,13.00984,14.65696,0.24916,STRONG_DOWN_TREND,BEARISH,MEDIUM,29.09.2022
C98USDPERP,PhemexFutures,0.3565,41.485288,0.39065,0.42121,,0.284953,DOWN_TREND,BEARISH,MEDIUM,29.09.2022
XLMUSDPERP,PhemexFutures,0.1154,53.121646,0.11247,0.111464,0.140672,0.185016,UP_TREND,BULLISH,MEDIUM,29.09.2022
1000HOTUSDPERP,PhemexFutures,2.059,48.691973,2.06485,2.16388,,0.192127,DOWN_TREND,BEARISH,MEDIUM,29.09.2022
COTIUSDPERP,PhemexFutures,0.1074,59.044038,0.0993,0.099742,,0.183596,UP_TREND,BULLISH,MEDIUM,29.09.2022
1000000NFTUSDPERP,PhemexFutures,0.502,32.484213,0.5422,0.57252,,0.1945,DOWN_TREND,BEARISH,MEDIUM,29.09.2022
GOLDUSDPERP,PhemexFutures,1656.6,42.2383,1669.21,1711.763,1814.511,0.032904,STRONG_DOWN_TREND,BEARISH,LOW,29.09.2022
1INCHUSDPERP,PhemexFutures,0.5845,42.712208,0.60625,0.67062,,0.238603,DOWN_TREND,BEARISH,MEDIUM,29.09.2022
ONEUSDPERP,PhemexFutures,0.0202,50.023132,0.02003,0.021906,,0.395522,,BULLISH,HIGH,29.09.2022
ALGOUSDPERP,PhemexFutures,0.3546,55.411686,0.335905,0.32304,0.46518,0.246215,UP_TREND,BULLISH,MEDIUM,29.09.2022
SOLUSDPERP,PhemexFutures,33.903,51.719967,33.242,34.78044,56.22375,0.34957,DOWN_TREND,BULLISH,HIGH,29.09.2022
TRXUSDPERP,PhemexFutures,0.061,48.531554,0.06091,0.063386,0.067674,0.150104,DOWN_TREND,BEARISH,MEDIUM,29.09.2022
BNXUSDPERP,PhemexFutures,158.15,56.375913,155.35,142.984,,0.120145,UP_TREND,BULLISH,MEDIUM,29.09.2022
MTLUSDPERP,PhemexFutures,1.06,41.330726,1.11955,1.20048,,0.249705,DOWN_TREND,BEARISH,MEDIUM,29.09.2022
ADAUSDPERP,PhemexFutures,0.4379,41.851756,0.46283,0.475968,0.625582,0.257018,STRONG_DOWN_TREND,BEARISH,MEDIUM,29.09.2022
100IOSTUSDPERP,PhemexFutures,1.187,42.023424,1.2323,1.31794,,0.217113,DOWN_TREND,BEARISH,MEDIUM,29.09.2022
EGLDUSDPERP,PhemexFutures,47.8,44.889469,48.6175,52.443,,0.273484,DOWN_TREND,BEARISH,MEDIUM,29.09.2022
DOGEUSDPERP,PhemexFutures,0.0609,48.097991,0.060785,0.064882,0.088258,0.263866,DOWN_TREND,BEARISH,MEDIUM,29.09.2022
100ACHUSDPERP,PhemexFutures,1.208,46.588564,1.20965,1.33078,,0.255571,DOWN_TREND,BEARISH,MEDIUM,29.09.2022
1000RSRUSDPERP,PhemexFutures,8.143,64.204256,6.63085,6.51448,,0.233849,UP_TREND,BULLISH,MEDIUM,29.09.2022
100ROSEUSDPERP,PhemexFutures,6.201,49.552335,6.07125,6.78042,,0.273211,,BEARISH,MEDIUM,29.09.2022
OMGUSDPERP,PhemexFutures,1.725,45.190598,1.7645,1.88922,,0.25018,DOWN_TREND,BEARISH,MEDIUM,29.09.2022
CVCUSDPERP,PhemexFutures,0.1287,41.986971,0.134785,0.14593,,0.222609,DOWN_TREND,BEARISH,MEDIUM,29.09.2022
DODOUSDPERP,PhemexFutures,0.1253,47.471914,0.125485,0.134252,,0.260127,DOWN_TREND,BEARISH,MEDIUM,29.09.2022
ENJUSDPERP,PhemexFutures,0.4621,40.578938,0.487575,0.536892,0.82249,0.354771,STRONG_DOWN_TREND,BEARISH,HIGH,29.09.2022
DAOUSDPERP,PhemexFutures,1.395,28.68923,1.59315,1.72148,,0.261132,DOWN_TREND,OVERSOLD,MEDIUM,29.09.2022
BNBUSDPERP,PhemexFutures,283.85,54.028621,277.49,286.549,,0.149902,,BULLISH,MEDIUM,29.09.2022
THETAUSDPERP,PhemexFutures,1.093,46.241908,1.09925,1.19292,,0.256588,DOWN_TREND,BEARISH,MEDIUM,29.09.2022
1000DENTUSDPERP,PhemexFutures,0.943,47.727293,0.95045,1.00234,,0.228201,DOWN_TREND,BEARISH,MEDIUM,29.09.2022
IMXUSDPERP,PhemexFutures,0.756,43.202546,0.78255,0.84934,,0.3024,DOWN_TREND,BEARISH,HIGH,29.09.2022
ONTUSDPERP,PhemexFutures,0.2256,46.686953,0.228435,0.245432,0.33236,0.302324,STRONG_DOWN_TREND,BEARISH,HIGH,29.09.2022
XMRUSDPERP,PhemexFutures,148.23,51.247664,146.465,151.4708,170.9417,0.198582,DOWN_TREND,BULLISH,MEDIUM,29.09.2022
100XEMUSDPERP,PhemexFutures,4.17,48.515096,4.1725,4.468,,0.22527,DOWN_TREND,BEARISH,MEDIUM,29.09.2022
100VETUSDPERP,PhemexFutures,2.347,48.552766,2.3412,2.53398,,0.214376,,BEARISH,MEDIUM,29.09.2022
XTZUSDPERP,PhemexFutures,1.438,43.094897,1.51245,1.58156,2.086115,0.267558,STRONG_DOWN_TREND,BEARISH,MEDIUM,29.09.2022
SRMUSDPERP,PhemexFutures,0.775,47.310443,0.7878,0.83504,,0.273881,DOWN_TREND,BEARISH,MEDIUM,29.09.2022
ARUSDPERP,PhemexFutures,9.09,38.796329,9.84275,10.9736,,0.31396,DOWN_TREND,BEARISH,HIGH,29.09.2022
CTKUSDPERP,PhemexFutures,0.872,44.144663,0.9099,0.92982,,0.197905,DOWN_TREND,BEARISH,MEDIUM,29.09.2022
100IOTXUSDPERP,PhemexFutures,2.891,48.035842,2.88385,3.09436,,0.224781,,BEARISH,MEDIUM,29.09.2022
GRTUSDPERP,PhemexFutures,0.0991,44.655625,0.10507,0.10998,0.196042,0.44474,STRONG_DOWN_TREND,BEARISH,HIGH,29.09.2022
ENSUSDPERP,PhemexFutures,15.755,61.468037,14.452,14.1146,,0.2053,UP_TREND,BULLISH,MEDIUM,29.09.2022
GALAUSDPERP,PhemexFutures,0.0409,36.807458,0.04458,0.050886,,0.380431,DOWN_TREND,BEARISH,HIGH,29.09.2022
BTCUSDPERP,PhemexFutures,19601.0,48.199067,19790.85,20699.41,28334.615,0.180111,STRONG_DOWN_TREND,BEARISH,MEDIUM,29.09.2022
BATUSDPERP,PhemexFutures,0.3067,43.781869,0.315045,0.348234,0.482546,0.282491,STRONG_DOWN_TREND,BEARISH,MEDIUM,29.09.2022
SANDUSDPERP,PhemexFutures,0.854,42.71925,0.8827,0.9884,,0.316645,DOWN_TREND,BEARISH,HIGH,29.09.2022
FOOTBALLUSDPERP,PhemexFutures,1123.83,53.72081,1062.4445,,,0.207368,,BULLISH,MEDIUM,29.09.2022
ZRXUSDPERP,PhemexFutures,0.2702,43.260324,0.28046,0.302824,,0.23489,DOWN_TREND,BEARISH,MEDIUM,29.09.2022
MANAUSDPERP,PhemexFutures,0.7085,42.714197,0.728635,0.806684,1.259655,0.317796,STRONG_DOWN_TREND,BEARISH,HIGH,29.09.2022
FILUSDPERP,PhemexFutures,5.78,48.298915,5.773,6.2972,10.2072,0.408561,DOWN_TREND,BEARISH,HIGH,29.09.2022
NEOUSDPERP,PhemexFutures,8.78,48.40791,8.801,9.4562,13.2421,0.281385,STRONG_DOWN_TREND,BEARISH,MEDIUM,29.09.2022
ZILUSDPERP,PhemexFutures,0.0314,38.22588,0.03338,0.036704,,0.314889,DOWN_TREND,BEARISH,HIGH,29.09.2022
KNCUSDPERP,PhemexFutures,1.148,28.405186,1.52205,1.65556,,0.428231,DOWN_TREND,OVERSOLD,HIGH,29.09.2022
ALICEUSDPERP,PhemexFutures,1.706,36.241596,1.87575,2.11262,,0.344358,DOWN_TREND,BEARISH,HIGH,29.09.2022
FTMUSDPERP,PhemexFutures,0.2278,39.230817,0.23909,0.278134,,0.38139,DOWN_TREND,BEARISH,HIGH,29.09.2022
BCHUSDPERP,PhemexFutures,116.85,48.583485,118.0425,122.138,190.46375,0.26938,STRONG_DOWN_TREND,BEARISH,MEDIUM,29.09.2022
100PEOPLEUSDPERP,PhemexFutures,2.298,51.994736,2.19875,2.29952,,0.348166,,BULLISH,HIGH,29.09.2022
STORJUSDPERP,PhemexFutures,0.4553,37.784148,0.485985,0.54949,,0.314382,DOWN_TREND,BEARISH,HIGH,29.09.2022
WOOUSDPERP,PhemexFutures,0.1367,41.908766,0.14362,0.161514,,0.335708,DOWN_TREND,BEARISH,HIGH,29.09.2022
QTUMUSDPERP,PhemexFutures,2.867,42.929636,2.9679,3.27066,4.358975,0.295572,STRONG_DOWN_TREND,BEARISH,MEDIUM,29.09.2022
100LINAUSDPERP,PhemexFutures,0.74,46.315764,0.75175,0.82652,,0.257625,DOWN_TREND,BEARISH,MEDIUM,29.09.2022
100ARPAUSDPERP,PhemexFutures,3.364,43.246428,3.49295,3.69338,,0.238826,DOWN_TREND,BEARISH,MEDIUM,29.09.2022
100JASMYUSDPERP,PhemexFutures,0.663,29.42149,0.76995,0.86904,,0.368575,DOWN_TREND,OVERSOLD,HIGH,29.09.2022
SXPUSDPERP,PhemexFutures,0.356,49.154917,0.351675,0.38389,,0.212371,,BEARISH,MEDIUM,29.09.2022
SFPUSDPERP,PhemexFutures,0.3602,49.243523,0.35985,0.376564,,0.227454,,BEARISH,MEDIUM,29.09.2022
DASHUSDPERP,PhemexFutures,42.21,45.541248,43.0275,46.2028,,0.225346,DOWN_TREND,BEARISH,MEDIUM,29.09.2022
MINAUSDPERP,PhemexFutures,0.597,43.313425,0.6085,0.68096,,0.223187,DOWN_TREND,BEARISH,MEDIUM,29.09.2022
KAVAUSDPERP,PhemexFutures,1.534,45.819119,1.55225,1.72584,,0.226885,DOWN_TREND,BEARISH,MEDIUM,29.09.2022
CELOUSDPERP,PhemexFutures,0.811,49.454713,0.8021,0.86604,,0.214909,,BEARISH,MEDIUM,29.09.2022
LITUSDPERP,PhemexFutures,0.608,42.680008,0.6337,0.72546,,0.371412,DOWN_TREND,BEARISH,HIGH,29.09.2022
NEARUSDPERP,PhemexFutures,3.585,38.066729,4.0665,4.3588,,0.369228,DOWN_TREND,BEARISH,HIGH,29.09.2022
MATICUSDPERP,PhemexFutures,0.762,45.668945,0.7937,0.83266,,0.240677,DOWN_TREND,BEARISH,MEDIUM,29.09.2022
AVAXUSDPERP,PhemexFutures,17.32,41.298757,18.1085,20.6176,,0.378388,DOWN_TREND,BEARISH,HIGH,29.09.2022
AXSUSDPERP,PhemexFutures,12.72,46.128069,12.8585,14.2118,,0.323543,DOWN_TREND,BEARISH,HIGH,29.09.2022
KLAYUSDPERP,PhemexFutures,0.1992,38.683198,0.206825,0.233122,,0.281743,DOWN_TREND,BEARISH,MEDIUM,29.09.2022
LTCUSDPERP,PhemexFutures,53.83,46.306333,55.6365,56.9824,73.09635,0.219252,STRONG_DOWN_TREND,BEARISH,MEDIUM,29.09.2022
YFIIUSDPERP,PhemexFutures,904.5,45.146467,911.25,,,0.225495,,BEARISH,MEDIUM,29.09.2022
LRCUSDPERP,PhemexFutures,0.3013,40.617993,0.3165,0.358924,,0.317089,DOWN_TREND,BEARISH,HIGH,29.09.2022
GMTUSDPERP,PhemexFutures,0.649,46.334426,0.65835,0.73566,,0.474912,DOWN_TREND,BEARISH,HIGH,29.09.2022
DOTUSDPERP,PhemexFutures,6.439,42.481768,6.72985,7.30936,10.985005,0.3012,STRONG_DOWN_TREND,BEARISH,HIGH,29.09.2022
100CELRUSDPERP,PhemexFutures,1.56,44.466261,1.6097,1.8455,,0.295909,DOWN_TREND,BEARISH,MEDIUM,29.09.2022
UNIUSDPERP,PhemexFutures,6.367,53.581483,5.9802,6.60916,7.073825,0.260372,DOWN_TREND,BULLISH,MEDIUM,29.09.2022
100ANKRUSDPERP,PhemexFutures,3.107,44.815424,3.2249,3.66404,,0.257858,DOWN_TREND,BEARISH,MEDIUM,29.09.2022
FLMUSDPERP,PhemexFutures,0.1093,47.120008,0.107625,,,0.198307,,BEARISH,MEDIUM,29.09.2022
100000SHIBUSDPERP,PhemexFutures,1.114,44.347416,1.14985,1.24372,,0.260154,DOWN_TREND,BEARISH,MEDIUM,29.09.2022
ZECUSDPERP,PhemexFutures,56.62,46.167993,57.7545,62.6534,94.93215,0.340706,STRONG_DOWN_TREND,BEARISH,HIGH,29.09.2022
CHRUSDPERP,PhemexFutures,0.1511,43.202815,0.15725,0.173554,,0.246901,DOWN_TREND,BEARISH,MEDIUM,29.09.2022
SNXUSDPERP,PhemexFutures,2.42,42.726034,2.55015,2.92764,3.57081,0.423175,STRONG_DOWN_TREND,BEARISH,HIGH,29.09.2022
GALUSDPERP,PhemexFutures,2.63,48.075089,2.684,2.7428,,0.362027,DOWN_TREND,BEARISH,HIGH,29.09.2022
ALPHAUSDPERP,PhemexFutures,0.1149,50.710115,0.112915,,,0.172002,,BULLISH,MEDIUM,29.09.2022
MKRUSDPERP,PhemexFutures,738.4,53.414557,687.95,780.448,1220.0565,0.337208,DOWN_TREND,BULLISH,HIGH,29.09.2022
ZENUSDPERP,PhemexFutures,14.02,43.134457,14.4905,16.0434,,0.24232,DOWN_TREND,BEARISH,MEDIUM,29.09.2022
GLMRUSDPERP,PhemexFutures,0.453,38.498237,0.48745,0.55146,,0.488582,DOWN_TREND,BEARISH,HIGH,29.09.2022
100SLPUSDPERP,PhemexFutures,0.328,36.78656,0.3508,0.39674,,0.346777,DOWN_TREND,BEARISH,HIGH,29.09.2022
OGNUSDPERP,PhemexFutures,0.1473,41.77795,0.15412,0.174886,,0.327255,DOWN_TREND,BEARISH,HIGH,29.09.2022
API3USDPERP,PhemexFutures,1.663,51.011821,1.6128,1.7951,,0.289495,,BULLISH,MEDIUM,29.09.2022
MOVRUSDPERP,PhemexFutures,10.52,37.388087,11.292,12.6966,,0.348747,DOWN_TREND,BEARISH,HIGH,29.09.2022
TOMOUSDPERP,PhemexFutures,0.456,46.134311,0.46205,0.50369,,0.253216,DOWN_TREND,BEARISH,MEDIUM,29.09.2022
OCEANUSDPERP,PhemexFutures,0.1566,45.70012,0.160785,0.170664,,0.242994,DOWN_TREND,BEARISH,MEDIUM,29.09.2022
LDOUSDPERP,PhemexFutures,1.601,39.83439,1.777925,1.99594,,0.362022,DOWN_TREND,BEARISH,HIGH,29.09.2022
FTTUSDPERP,PhemexFutures,24.31,46.08282,24.622,26.4876,,0.173089,DOWN_TREND,BEARISH,MEDIUM,29.09.2022
RAYUSDPERP,PhemexFutures,0.579,44.841022,0.5905,0.6656,,0.254508,DOWN_TREND,BEARISH,MEDIUM,29.09.2022
LPTUSDPERP,PhemexFutures,9.01,43.525249,9.5065,10.213,,0.294751,DOWN_TREND,BEARISH,MEDIUM,29.09.2022
WAVESUSDPERP,PhemexFutures,3.85,37.125481,4.1735,4.6578,,0.456728,DOWN_TREND,BEARISH,HIGH,29.09.2022
RUNEUSDPERP,PhemexFutures,1.58,37.366727,1.7044,1.98684,,0.434091,DOWN_TREND,BEARISH,HIGH,29.09.2022
MASKUSDPERP,PhemexFutures,1.161,40.772023,1.2419,1.36762,,0.281543,DOWN_TREND,BEARISH,MEDIUM,29.09.2022
1000SPELLUSDPERP,PhemexFutures,1.019,30.766939,1.13385,,,0.222918,,BEARISH,MEDIUM,29.09.2022
RENUSDPERP,PhemexFutures,0.1141,46.989151,0.114935,0.127246,,0.295552,DOWN_TREND,BEARISH,MEDIUM,29.09.2022
AUDIOUSDPERP,PhemexFutures,0.2137,34.763178,0.23637,0.282568,,0.333184,DOWN_TREND,BEARISH,HIGH,29.09.2022
YFIUSDPERP,PhemexFutures,8123.0,42.174213,8722.825,9305.49,11477.1725,0.313805,STRONG_DOWN_TREND,BEARISH,HIGH,29.09.2022
AAVEUSDPERP,PhemexFutures,76.83,44.443258,79.245,86.7736,109.4946,0.349076,STRONG_DOWN_TREND,BEARISH,HIGH,29.09.2022
ICPUSDPERP,PhemexFutures,6.12,46.534438,6.249,6.5686,,0.2931,DOWN_TREND,BEARISH,MEDIUM,29.09.2022
1000LEVERUSDPERP,PhemexFutures,1.785,40.042685,1.9067,2.23922,,0.364667,DOWN_TREND,BEARISH,HIGH,29.09.2022
SUSHIUSDPERP,PhemexFutures,1.105,48.021336,1.11995,1.18918,1.856865,0.384153,STRONG_DOWN_TREND,BEARISH,HIGH,29.09.2022
ETCUSDPERP,PhemexFutures,27.76,38.056184,31.8925,34.4634,,0.272776,DOWN_TREND,BEARISH,MEDIUM,29.09.2022
DYDXUSDPERP,PhemexFutures,1.268,41.627439,1.33765,1.57896,,0.408413,DOWN_TREND,BEARISH,HIGH,29.09.2022
CRVUSDPERP,PhemexFutures,0.928,43.055859,0.99905,1.09352,,0.366677,DOWN_TREND,BEARISH,HIGH,29.09.2022
YGGUSDPERP,PhemexFutures,0.355,35.753773,0.4086,0.5092,,0.482536,DOWN_TREND,BEARISH,HIGH,29.09.2022
BAKEUSDPERP,PhemexFutures,0.2411,49.866895,0.23574,0.259452,,0.258519,,BEARISH,MEDIUM,29.09.2022
KSMUSDPERP,PhemexFutures,43.03,45.000731,43.986,48.1784,85.9572,0.399014,STRONG_DOWN_TREND,BEARISH,HIGH,29.09.2022
GTCUSDPERP,PhemexFutures,1.784,39.319955,1.92025,2.2635,,0.344891,DOWN_TREND,BEARISH,HIGH,29.09.2022
CVXUSDPERP,PhemexFutures,4.93,48.127858,4.8995,5.3474,,0.296178,,BEARISH,MEDIUM,29.09.2022
AGLDUSDPERP,PhemexFutures,0.3235,41.896194,0.34649,0.373302,,0.333054,DOWN_TREND,BEARISH,HIGH,29.09.2022
BITUSDPERP,PhemexFutures,0.473,37.284281,0.519,0.55268,,0.248792,DOWN_TREND,BEARISH,MEDIUM,29.09.2022
100RVNUSDPERP,PhemexFutures,3.606,43.784513,4.62785,3.87064,,0.331486,DOWN_TREND,BEARISH,HIGH,29.09.2022
SKLUSDPERP,PhemexFutures,0.0392,40.82668,0.041025,0.04874,,0.423154,DOWN_TREND,BEARISH,HIGH,29.09.2022
EOSUSDPERP,PhemexFutures,1.203,41.907414,1.34535,1.43792,1.569755,0.287956,STRONG_DOWN_TREND,BEARISH,MEDIUM,29.09.2022
ETHUSDPERP,PhemexFutures,1334.55,40.704433,1435.92,1577.461,1971.98825,0.258834,STRONG_DOWN_TREND,BEARISH,MEDIUM,29.09.2022
OPUSDPERP,PhemexFutures,0.9054,37.869684,1.043985,1.167164,,0.449121,DOWN_TREND,BEARISH,HIGH,29.09.2022
ILVUSDPERP,PhemexFutures,57.4,34.608418,62.5,78.42,,0.507434,DOWN_TREND,BEARISH,HIGH,29.09.2022
BALUSDPERP,PhemexFutures,5.335,39.054579,5.868,6.3537,,0.309509,DOWN_TREND,BEARISH,HIGH,29.09.2022
HNTUSDPERP,PhemexFutures,5.026,51.28404,4.68585,,,0.347369,,BULLISH,HIGH,29.09.2022
STGUSDPERP,PhemexFutures,0.522,33.566746,0.574935,,,0.316771,,BEARISH,HIGH,29.09.2022
1INCHUSDT,OkxSpot,0.5828,42.29503,0.60301,0.665414,0.951599,0.320546,STRONG_DOWN_TREND,BEARISH,HIGH,30.09.2022
AAVEUSDT,OkxSpot,77.09,44.774553,78.4905,86.1946,109.3402,0.347004,STRONG_DOWN_TREND,BEARISH,HIGH,30.09.2022
ABTUSDT,OkxSpot,0.1351,52.436565,0.13249,0.141438,0.117236,0.284344,UP_TREND,BULLISH,MEDIUM,30.09.2022
ACAUSDT,OkxSpot,0.185,35.953036,0.217,0.21834,0.56478,0.826322,STRONG_DOWN_TREND,BEARISH,HIGH,30.09.2022
ADAUSDT,OkxSpot,0.43668,41.440498,0.459023,0.474156,0.624034,0.254919,STRONG_DOWN_TREND,BEARISH,MEDIUM,30.09.2022
AERGOUSDT,OkxSpot,0.1278,45.17579,0.151195,0.139048,0.16423,0.484436,STRONG_DOWN_TREND,BEARISH,HIGH,30.09.2022
AGLDUSDT,OkxSpot,0.3245,42.340618,0.342055,0.371022,0.667334,0.556909,STRONG_DOWN_TREND,BEARISH,HIGH,30.09.2022
AKITAUSDT,OkxSpot,1.257e-07,34.58985,0.0,0.0,0.0,0.566293,STRONG_UP_TREND,BEARISH,HIGH,30.09.2022
ALCXUSDT,OkxSpot,21.1,44.817551,21.005,24.064,44.2361,0.515222,DOWN_TREND,BEARISH,HIGH,30.09.2022
ALGOUSDT,OkxSpot,0.3619,57.440312,0.337805,0.323054,0.463768,0.238639,UP_TREND,BULLISH,MEDIUM,30.09.2022
ALPHAUSDT,OkxSpot,0.1139,49.134979,0.11224,0.12287,0.195123,0.464199,DOWN_TREND,BEARISH,HIGH,30.09.2022
ANCUSDT,OkxSpot,0.0926,46.355083,0.103725,0.100522,0.741178,2.108609,STRONG_DOWN_TREND,BEARISH,HIGH,30.09.2022
ANTUSDT,OkxSpot,1.696,48.713612,1.7001,1.75762,2.5094,0.37954,STRONG_DOWN_TREND,BEARISH,HIGH,30.09.2022
ANWUSDT,OkxSpot,0.0009,15.281317,0.001284,0.004228,0.014931,5.830643,STRONG_DOWN_TREND,OVERSOLD,HIGH,30.09.2022
APEUSDT,OkxSpot,5.4861,51.570142,5.45159,5.313564,,0.419124,UP_TREND,BULLISH,HIGH,30.09.2022
API3USDT,OkxSpot,1.649,49.86506,1.60735,1.78608,2.532501,0.429306,DOWN_TREND,BEARISH,HIGH,30.09.2022
APIXUSDT,OkxSpot,0.00404,41.27042,0.004394,0.004779,0.019116,1.349988,STRONG_DOWN_TREND,BEARISH,HIGH,30.09.2022
APMUSDT,OkxSpot,0.03068,39.368116,0.041574,0.061652,0.034853,1.081276,STRONG_DOWN_TREND,BEARISH,HIGH,30.09.2022
ARGUSDT,OkxSpot,6.5114,,,,,0.225666,,,MEDIUM,30.09.2022
ARKUSDT,OkxSpot,0.383,43.748581,0.40275,0.4272,0.603535,0.448522,STRONG_DOWN_TREND,BEARISH,HIGH,30.09.2022
ARUSDT,OkxSpot,9.29,41.367619,9.7645,10.8744,17.570105,0.425093,STRONG_DOWN_TREND,BEARISH,HIGH,30.09.2022
ASTRUSDT,OkxSpot,0.0387,49.416437,0.03864,0.039216,0.082922,0.662639,DOWN_TREND,BEARISH,HIGH,30.09.2022
ASTUSDT,OkxSpot,0.1167,45.78104,0.134835,0.114398,0.10782,0.373965,UP_TREND,BEARISH,HIGH,30.09.2022
ATOMUSDT,OkxSpot,13.159,46.677979,14.3687,13.04866,14.600635,0.239737,DOWN_TREND,BEARISH,MEDIUM,30.09.2022
AUCTIONUSDT,OkxSpot,6.61,45.095808,6.6835,7.6018,8.8156,0.400523,STRONG_DOWN_TREND,BEARISH,HIGH,30.09.2022
AVAXUSDT,OkxSpot,17.53,42.922546,17.98,20.412,37.73619,0.435225,STRONG_DOWN_TREND,BEARISH,HIGH,30.09.2022
AXSUSDT,OkxSpot,12.78,46.325062,12.7965,14.1364,25.323875,0.442937,STRONG_DOWN_TREND,BEARISH,HIGH,30.09.2022
AZYUSDT,OkxSpot,0.05823,27.951936,0.072497,0.099199,,0.974266,DOWN_TREND,OVERSOLD,HIGH,30.09.2022
BABYDOGEUSDT,OkxSpot,1.181e-09,52.333626,0.0,0.0,0.0,0.359111,STRONG_UP_TREND,BULLISH,HIGH,30.09.2022
BADGERUSDT,OkxSpot,3.706,45.285796,3.92,4.04544,5.58403,0.419705,STRONG_DOWN_TREND,BEARISH,HIGH,30.09.2022
BALUSDT,OkxSpot,5.445,41.724863,5.7655,6.3455,8.512995,0.389082,STRONG_DOWN_TREND,BEARISH,HIGH,30.09.2022
BANDUSDT,OkxSpot,1.234,48.390623,1.2201,1.3217,2.143085,0.399913,DOWN_TREND,BEARISH,HIGH,30.09.2022
BATUSDT,OkxSpot,0.3071,43.84727,0.31307,0.345426,0.480968,0.278833,STRONG_DOWN_TREND,BEARISH,MEDIUM,30.09.2022
BCDUSDT,OkxSpot,0.1668,49.015262,0.168045,0.170454,0.258292,0.303738,STRONG_DOWN_TREND,BEARISH,HIGH,30.09.2022
BCHUSDT,OkxSpot,117.93,49.634918,117.429,121.7774,189.787,0.265466,DOWN_TREND,BEARISH,MEDIUM,30.09.2022
BETHUSDT,OkxSpot,1324.94,42.607506,1384.3405,1524.583,1921.80505,0.255556,STRONG_DOWN_TREND,BEARISH,MEDIUM,30.09.2022
BHPUSDT,OkxSpot,0.1817,37.544809,0.192515,0.209024,0.32108,0.536417,STRONG_DOWN_TREND,BEARISH,HIGH,30.09.2022
BICOUSDT,OkxSpot,0.426,40.048995,0.4479,0.4976,0.788678,0.444002,STRONG_DOWN_TREND,BEARISH,HIGH,30.09.2022
BLOKUSDT,OkxSpot,0.002992,41.994038,0.003034,0.003444,0.007597,0.669979,STRONG_DOWN_TREND,BEARISH,HIGH,30.09.2022
BNTUSDT,OkxSpot,0.4429,44.907076,0.45328,0.478662,1.157588,0.41767,STRONG_DOWN_TREND,BEARISH,HIGH,30.09.2022
BORAUSDT,OkxSpot,0.238,33.632186,0.25325,0.28564,,0.362231,DOWN_TREND,BEARISH,HIGH,30.09.2022
BORINGUSDT,OkxSpot,0.0061,37.581925,0.006773,0.008177,0.018232,0.782108,STRONG_DOWN_TREND,BEARISH,HIGH,30.09.2022
BRWLUSDT,OkxSpot,0.00386,39.239267,0.004189,0.005029,,5.782852,DOWN_TREND,BEARISH,HIGH,30.09.2022
BSVUSDT,OkxSpot,49.61,45.217296,50.528,53.3266,63.16595,0.193869,STRONG_DOWN_TREND,BEARISH,MEDIUM,30.09.2022
BTCUSDT,OkxSpot,19924.8,51.0757,19709.17,20625.522,28254.257,0.173826,DOWN_TREND,BULLISH,MEDIUM,30.09.2022
BTGUSDT,OkxSpot,20.65,39.917504,22.074,24.0256,25.52275,0.279052,STRONG_DOWN_TREND,BEARISH,MEDIUM,30.09.2022
BTMUSDT,OkxSpot,0.00872,35.43929,0.009362,0.010114,0.014197,0.338257,STRONG_DOWN_TREND,BEARISH,HIGH,30.09.2022
BTTUSDT,OkxSpot,7.84e-07,38.894317,1e-06,1e-06,1e-06,0.203538,STRONG_DOWN_TREND,BEARISH,MEDIUM,30.09.2022
BZZUSDT,OkxSpot,0.529,58.626865,0.46742,0.476074,0.721077,0.264625,UP_TREND,BULLISH,MEDIUM,30.09.2022
CELOUSDT,OkxSpot,0.819,50.706383,0.79865,0.85984,1.584028,0.389627,DOWN_TREND,BULLISH,HIGH,30.09.2022
CELRUSDT,OkxSpot,0.01553,43.930867,0.015944,0.018249,0.026057,0.462542,STRONG_DOWN_TREND,BEARISH,HIGH,30.09.2022
CELTUSDT,OkxSpot,0.002482,40.535413,0.002541,0.003222,0.009271,1.01003,STRONG_DOWN_TREND,BEARISH,HIGH,30.09.2022
CELUSDT,OkxSpot,1.4453,46.977646,1.537085,1.734578,1.593123,0.693404,STRONG_DOWN_TREND,BEARISH,HIGH,30.09.2022
CFGUSDT,OkxSpot,0.2969,35.203789,0.32814,0.351864,0.353538,0.374974,STRONG_DOWN_TREND,BEARISH,HIGH,30.09.2022
CFXUSDT,OkxSpot,0.04236,40.148487,0.046056,0.051036,0.085562,0.426603,STRONG_DOWN_TREND,BEARISH,HIGH,30.09.2022
CGSUSDT,OkxSpot,0.0164,43.700407,0.01668,0.018664,0.031337,0.782219,STRONG_DOWN_TREND,BEARISH,HIGH,30.09.2022
CHATUSDT,OkxSpot,0.000998,55.202701,0.000948,0.001012,0.000976,0.49609,UP_TREND,BULLISH,HIGH,30.09.2022
CHEUSDT,OkxSpot,0.02064,41.773249,0.021096,0.023726,0.035441,0.475062,STRONG_DOWN_TREND,BEARISH,HIGH,30.09.2022
CHZUSDT,OkxSpot,0.23809,53.203971,0.233095,0.216481,0.16976,0.183264,STRONG_UP_TREND,BULLISH,MEDIUM,30.09.2022
CITYUSDT,OkxSpot,6.6521,,,,,,,,,
CLVUSDT,OkxSpot,0.0844,44.990235,0.08507,0.093264,0.17317,0.514429,STRONG_DOWN_TREND,BEARISH,HIGH,30.09.2022
CMTUSDT,OkxSpot,0.00227,42.912294,0.002326,0.002516,0.003437,0.296073,STRONG_DOWN_TREND,BEARISH,MEDIUM,30.09.2022
CNTMUSDT,OkxSpot,0.1157,39.426796,0.119135,0.15724,0.207635,0.685737,STRONG_DOWN_TREND,BEARISH,HIGH,30.09.2022
COMPUSDT,OkxSpot,61.62,58.866059,57.9965,54.268,75.0261,0.294615,UP_TREND,BULLISH,MEDIUM,30.09.2022
CONVUSDT,OkxSpot,0.000813,40.880015,0.000825,0.000933,0.00198,0.922708,STRONG_DOWN_TREND,BEARISH,HIGH,30.09.2022
COVERUSDT,OkxSpot,22.26,55.388647,21.251,21.7486,20.4245,0.34718,STRONG_UP_TREND,BULLISH,HIGH,30.09.2022
CQTUSDT,OkxSpot,0.0702,51.883554,0.068255,0.070766,0.162877,0.451919,DOWN_TREND,BULLISH,HIGH,30.09.2022
CROUSDT,OkxSpot,0.1119,46.831993,0.111555,0.121624,0.212064,0.298677,DOWN_TREND,BEARISH,MEDIUM,30.09.2022
CRVUSDT,OkxSpot,0.935,43.625719,0.98395,1.08558,1.469255,0.410576,STRONG_DOWN_TREND,BEARISH,HIGH,30.09.2022
CSPRUSDT,OkxSpot,0.03003,55.220274,0.029023,0.029531,0.043461,0.273961,UP_TREND,BULLISH,MEDIUM,30.09.2022
CTCUSDT,OkxSpot,0.306,43.883698,0.31205,0.34606,0.5901,0.514785,STRONG_DOWN_TREND,BEARISH,HIGH,30.09.2022
CTXCUSDT,OkxSpot,0.1119,43.487171,0.11534,0.124704,0.163519,0.365224,STRONG_DOWN_TREND,BEARISH,HIGH,30.09.2022
CVCUSDT,OkxSpot,0.1289,42.086676,0.13381,0.145228,0.192794,0.316806,STRONG_DOWN_TREND,BEARISH,HIGH,30.09.2022
CVPUSDT,OkxSpot,0.335,48.472875,0.34255,0.3499,0.46644,0.362759,STRONG_DOWN_TREND,BEARISH,HIGH,30.09.2022
CVTUSDT,OkxSpot,0.001476,49.34574,0.001498,0.001577,0.002303,0.438731,STRONG_DOWN_TREND,BEARISH,HIGH,30.09.2022
CVXUSDT,OkxSpot,4.98,49.294771,4.865,5.3036,12.234695,0.597432,DOWN_TREND,BEARISH,HIGH,30.09.2022
DAIUSDT,OkxSpot,0.9996,48.192333,0.999635,0.999684,1.00003,0.01009,STRONG_DOWN_TREND,BEARISH,LOW,30.09.2022
DAOUSDT,OkxSpot,1.408,29.812736,1.5754,1.71188,1.927665,0.292962,STRONG_DOWN_TREND,OVERSOLD,MEDIUM,30.09.2022
DASHUSDT,OkxSpot,42.37,46.141154,42.717,45.9654,65.8283,0.261471,STRONG_DOWN_TREND,BEARISH,MEDIUM,30.09.2022
DCRUSDT,OkxSpot,25.76,46.723052,25.81,28.4676,37.2883,0.378203,STRONG_DOWN_TREND,BEARISH,HIGH,30.09.2022
DEPUSDT,OkxSpot,0.00603,48.995054,0.005792,0.007131,0.015415,0.584336,DOWN_TREND,BEARISH,HIGH,30.09.2022
DEVTUSDT,OkxSpot,0.02202,24.829714,0.026154,0.035226,0.13373,1.405045,STRONG_DOWN_TREND,OVERSOLD,HIGH,30.09.2022
DGBUSDT,OkxSpot,0.00957,46.394716,0.009648,0.010445,0.014673,0.399269,STRONG_DOWN_TREND,BEARISH,HIGH,30.09.2022
DHTUSDT,OkxSpot,0.1329,47.586619,0.1319,0.143984,0.199773,0.489451,DOWN_TREND,BEARISH,HIGH,30.09.2022
DIAUSDT,OkxSpot,0.386,50.239074,0.3822,0.39752,0.556865,0.353997,DOWN_TREND,BULLISH,HIGH,30.09.2022
DMDUSDT,OkxSpot,9.25,43.136946,9.426,12.3382,13.469,0.426859,STRONG_DOWN_TREND,BEARISH,HIGH,30.09.2022
DNAUSDT,OkxSpot,5.73e-05,48.808086,5.7e-05,6.1e-05,0.000102,0.550695,DOWN_TREND,BEARISH,HIGH,30.09.2022
DOGEUSDT,OkxSpot,0.06091,48.044216,0.060617,0.064713,0.088056,0.261928,DOWN_TREND,BEARISH,MEDIUM,30.09.2022
DOMEUSDT,OkxSpot,0.00238,54.450709,0.001951,0.002371,0.019047,2.143415,UP_TREND,BULLISH,HIGH,30.09.2022
DORAUSDT,OkxSpot,2.846,52.293554,2.8161,2.7111,3.44028,0.290793,UP_TREND,BULLISH,MEDIUM,30.09.2022
DOSEUSDT,OkxSpot,0.00903,32.38683,0.009577,0.011294,0.04379,1.92643,STRONG_DOWN_TREND,BEARISH,HIGH,30.09.2022
DOTUSDT,OkxSpot,6.469,43.222968,6.66765,7.25954,10.93981,0.29769,STRONG_DOWN_TREND,BEARISH,MEDIUM,30.09.2022
DYDXUSDT,OkxSpot,1.281,42.443922,1.3226,1.55966,2.623855,0.503696,STRONG_DOWN_TREND,BEARISH,HIGH,30.09.2022
ECUSDT,OkxSpot,0.0003,32.512871,0.000399,0.000622,0.003215,3.538254,STRONG_DOWN_TREND,BEARISH,HIGH,30.09.2022
EDENUSDT,OkxSpot,0.0752,27.789832,0.090565,0.100556,0.16572,0.527844,STRONG_DOWN_TREND,OVERSOLD,HIGH,30.09.2022
EFIUSDT,OkxSpot,0.1117,30.922253,0.12011,0.132846,0.228189,0.457772,STRONG_DOWN_TREND,BEARISH,HIGH,30.09.2022
EGLDUSDT,OkxSpot,48.87,48.493253,48.4035,52.1498,88.24035,0.329137,DOWN_TREND,BEARISH,HIGH,30.09.2022
EGTUSDT,OkxSpot,0.00041,49.112629,0.000417,0.000413,0.00046,0.300052,STRONG_DOWN_TREND,BEARISH,HIGH,30.09.2022
ELFUSDT,OkxSpot,0.1312,40.931186,0.135245,0.145816,0.207061,0.393862,STRONG_DOWN_TREND,BEARISH,HIGH,30.09.2022
ELONUSDT,OkxSpot,2.621e-07,46.098399,0.0,0.0,0.0,0.457822,STRONG_UP_TREND,BEARISH,HIGH,30.09.2022
ELTUSDT,OkxSpot,0.004108,39.763676,0.004081,0.005856,,2.226528,,BEARISH,HIGH,30.09.2022
EMUSDT,OkxSpot,0.001406,42.124311,0.001456,0.001497,0.010113,2.672141,STRONG_DOWN_TREND,BEARISH,HIGH,30.09.2022
ENJUSDT,OkxSpot,0.4622,40.597294,0.48368,0.532656,0.818722,0.352749,STRONG_DOWN_TREND,BEARISH,HIGH,30.09.2022
ENSUSDT,OkxSpot,15.63,60.307998,14.4595,14.1236,13.567405,0.254686,STRONG_UP_TREND,BULLISH,MEDIUM,30.09.2022
EOSUSDT,OkxSpot,1.212,42.524156,1.320795,1.437426,1.567698,0.282382,STRONG_DOWN_TREND,BEARISH,MEDIUM,30.09.2022
ERNUSDT,OkxSpot,2.824,73.379074,1.7237,1.75242,2.649365,0.272936,STRONG_UP_TREND,OVERBOUGHT,MEDIUM,30.09.2022
ETCUSDT,OkxSpot,28.08,39.155697,31.35645,34.21812,29.39255,0.274117,STRONG_DOWN_TREND,BEARISH,MEDIUM,30.09.2022
ETHUSDT,OkxSpot,1359.94,43.266548,1415.66,1567.5748,1966.91025,0.251258,STRONG_DOWN_TREND,BEARISH,MEDIUM,30.09.2022
ETHWUSDT,OkxSpot,11.808,55.880517,,,,0.50988,,BULLISH,HIGH,30.09.2022
EURTUSDT,OkxSpot,0.9794,43.877896,0.987365,0.99676,,0.026502,DOWN_TREND,BEARISH,LOW,30.09.2022
FAIRUSDT,OkxSpot,0.000988,51.807269,0.000965,0.001019,0.001607,0.453583,DOWN_TREND,BULLISH,HIGH,30.09.2022
FAMEUSDT,OkxSpot,0.00577,41.406364,0.006625,0.007646,,3.406919,DOWN_TREND,BEARISH,HIGH,30.09.2022
FILUSDT,OkxSpot,5.771,48.091418,5.7443,6.24796,10.15716,0.406671,DOWN_TREND,BEARISH,HIGH,30.09.2022
FITFIUSDT,OkxSpot,0.0556,36.956938,0.06307,0.078036,,1.028016,DOWN_TREND,BEARISH,HIGH,30.09.2022
FLMUSDT,OkxSpot,0.1144,51.322854,0.10761,0.124866,0.15208,0.535505,DOWN_TREND,BULLISH,HIGH,30.09.2022
FLOWUSDT,OkxSpot,1.695,42.54398,1.7524,2.00382,3.12027,0.419473,STRONG_DOWN_TREND,BEARISH,HIGH,30.09.2022
FODLUSDT,OkxSpot,0.0094,30.934198,0.010995,0.014498,0.062236,1.542047,STRONG_DOWN_TREND,BEARISH,HIGH,30.09.2022
FORTHUSDT,OkxSpot,4.73,49.844457,4.702,4.868,4.68763,0.347585,UP_TREND,BEARISH,HIGH,30.09.2022
FRONTUSDT,OkxSpot,0.2279,50.176758,0.22659,0.234482,0.30856,0.351988,DOWN_TREND,BULLISH,HIGH,30.09.2022
FSNUSDT,OkxSpot,0.229,55.662152,0.212505,0.221354,0.312363,0.3097,UP_TREND,BULLISH,HIGH,30.09.2022
FTMUSDT,OkxSpot,0.2297,40.325324,0.23701,0.275038,0.542376,0.509541,STRONG_DOWN_TREND,BEARISH,HIGH,30.09.2022
GALAUSDT,OkxSpot,0.04084,36.747302,0.044014,0.050481,0.100605,0.494844,STRONG_DOWN_TREND,BEARISH,HIGH,30.09.2022
GALFTUSDT,OkxSpot,2.297,44.48525,2.3226,2.44928,,0.131737,DOWN_TREND,BEARISH,MEDIUM,30.09.2022
GARIUSDT,OkxSpot,0.0521,26.816347,0.05874,0.065306,0.361119,1.74294,STRONG_DOWN_TREND,OVERSOLD,HIGH,30.09.2022
GASUSDT,OkxSpot,2.296,44.346863,2.4446,2.5511,3.2915,0.304746,STRONG_DOWN_TREND,BEARISH,HIGH,30.09.2022
GFUSDT,OkxSpot,0.1634,43.369987,0.173675,0.194734,0.608474,0.706071,STRONG_DOWN_TREND,BEARISH,HIGH,30.09.2022
GHSTUSDT,OkxSpot,1.178,30.415156,1.1954,1.2484,1.516397,0.065765,STRONG_DOWN_TREND,BEARISH,LOW,30.09.2022
GLMRUSDT,OkxSpot,0.4495,37.921121,0.483345,0.546442,1.472637,0.898797,STRONG_DOWN_TREND,BEARISH,HIGH,30.09.2022
GLMUSDT,OkxSpot,0.2618,45.163399,0.29383,0.273466,0.312642,0.339692,STRONG_DOWN_TREND,BEARISH,HIGH,30.09.2022
GMTUSDT,OkxSpot,0.6491,46.281197,0.654115,0.73012,,0.598978,DOWN_TREND,BEARISH,HIGH,30.09.2022
GMUSDT,OkxSpot,6.51e-06,56.377365,6e-06,7e-06,1.1e-05,0.556396,DOWN_TREND,BULLISH,HIGH,30.09.2022
GODSUSDT,OkxSpot,0.4051,52.540753,0.381395,0.367652,0.655048,0.583972,UP_TREND,BULLISH,HIGH,30.09.2022
GOGUSDT,OkxSpot,0.293,87.80405,0.192345,0.168766,0.246346,0.254681,STRONG_UP_TREND,OVERBOUGHT,MEDIUM,30.09.2022
GRTUSDT,OkxSpot,0.0995,45.014031,0.10423,0.109176,0.194824,0.435676,STRONG_DOWN_TREND,BEARISH,HIGH,30.09.2022
GTOUSDT,OkxSpot,0.02045,51.092416,0.020403,0.020643,0.026048,0.408,DOWN_TREND,BULLISH,HIGH,30.09.2022
HBARUSDT,OkxSpot,0.0581,43.301116,0.06064,0.064482,0.107722,0.304022,STRONG_DOWN_TREND,BEARISH,HIGH,30.09.2022
HCUSDT,OkxSpot,0.1083,37.966469,0.116205,0.12373,0.191178,0.356826,STRONG_DOWN_TREND,BEARISH,HIGH,30.09.2022
HDAOUSDT,OkxSpot,0.00437,43.89818,0.004549,0.005588,0.007515,0.853448,STRONG_DOWN_TREND,BEARISH,HIGH,30.09.2022
HEGICUSDT,OkxSpot,0.00773,44.009606,0.008276,0.008363,0.012846,0.529211,STRONG_DOWN_TREND,BEARISH,HIGH,30.09.2022
HYCUSDT,OkxSpot,0.000112,58.790689,0.000106,0.000109,0.000137,0.416515,UP_TREND,BULLISH,HIGH,30.09.2022
ICPUSDT,OkxSpot,6.15,47.055507,6.2035,6.5322,9.7088,0.348319,STRONG_DOWN_TREND,BEARISH,HIGH,30.09.2022
ICXUSDT,OkxSpot,0.2414,42.882384,0.2501,0.274836,0.44463,0.354382,STRONG_DOWN_TREND,BEARISH,HIGH,30.09.2022
ILVUSDT,OkxSpot,58.1,35.961604,61.385,77.256,259.29305,0.756529,STRONG_DOWN_TREND,BEARISH,HIGH,30.09.2022
IMXUSDT,OkxSpot,0.767,45.349527,0.77835,0.84312,1.19247,0.359076,STRONG_DOWN_TREND,BEARISH,HIGH,30.09.2022
INTUSDT,OkxSpot,0.003,44.449067,0.003058,0.003651,0.004184,0.47108,STRONG_DOWN_TREND,BEARISH,HIGH,30.09.2022
INXUSDT,OkxSpot,0.000335,44.583177,0.000342,0.000384,0.000461,0.50125,STRONG_DOWN_TREND,BEARISH,HIGH,30.09.2022
IOSTUSDT,OkxSpot,0.01191,42.295093,0.012272,0.01311,0.018394,0.325406,STRONG_DOWN_TREND,BEARISH,HIGH,30.09.2022
IOTAUSDT,OkxSpot,0.2906,52.796152,0.277495,0.289922,0.412187,0.250147,UP_TREND,BULLISH,MEDIUM,30.09.2022
IQUSDT,OkxSpot,0.00485,42.287879,0.005173,0.005347,0.006918,0.416297,STRONG_DOWN_TREND,BEARISH,HIGH,30.09.2022
JFIUSDT,OkxSpot,44.32,46.256506,44.11,50.2166,54.1888,0.416033,DOWN_TREND,BEARISH,HIGH,30.09.2022
JOEUSDT,OkxSpot,0.222,46.25055,0.22225,0.24966,0.515854,0.633189,STRONG_DOWN_TREND,BEARISH,HIGH,30.09.2022
JSTUSDT,OkxSpot,0.02524,44.077863,0.025668,0.027895,0.04156,0.344902,STRONG_DOWN_TREND,BEARISH,HIGH,30.09.2022
KANUSDT,OkxSpot,0.001174,46.578616,0.001173,0.001239,0.001443,0.126158,DOWN_TREND,BEARISH,MEDIUM,30.09.2022
KARUSDT,OkxSpot,0.302,28.358548,0.3386,0.41924,0.76938,0.532909,STRONG_DOWN_TREND,OVERSOLD,HIGH,30.09.2022
KCASHUSDT,OkxSpot,0.001228,61.826788,0.001083,0.001151,0.001401,0.317495,UP_TREND,BULLISH,HIGH,30.09.2022
KDAUSDT,OkxSpot,1.415,41.66397,1.4748,1.59976,2.854805,0.439144,STRONG_DOWN_TREND,BEARISH,HIGH,30.09.2022
KINEUSDT,OkxSpot,0.0675,40.292522,0.070975,0.08787,0.176376,0.539964,STRONG_DOWN_TREND,BEARISH,HIGH,30.09.2022
KISHUUSDT,OkxSpot,3.96e-10,42.985002,0.0,0.0,0.0,0.483429,STRONG_UP_TREND,BEARISH,HIGH,30.09.2022
KLAYUSDT,OkxSpot,0.1972,37.379109,0.20537,0.231346,0.4796,0.344507,STRONG_DOWN_TREND,BEARISH,HIGH,30.09.2022
KNCUSDT,OkxSpot,1.1888,32.112802,1.480525,1.646876,2.227709,0.496895,STRONG_DOWN_TREND,BEARISH,HIGH,30.09.2022
KOLUSDT,OkxSpot,0.00345,31.064733,0.004358,0.005684,0.015139,1.351122,STRONG_DOWN_TREND,BEARISH,HIGH,30.09.2022
KONOUSDT,OkxSpot,0.0258,44.552271,0.028445,0.02948,0.05629,0.909733,STRONG_DOWN_TREND,BEARISH,HIGH,30.09.2022
KP3RUSDT,OkxSpot,99.81,43.23258,100.7945,115.4548,203.1967,0.49389,STRONG_DOWN_TREND,BEARISH,HIGH,30.09.2022
KSMUSDT,OkxSpot,43.22,45.468625,43.5735,47.881,85.6687,0.392839,STRONG_DOWN_TREND,BEARISH,HIGH,30.09.2022
LAMBUSDT,OkxSpot,0.001721,54.032936,0.001668,0.001637,0.002287,0.304615,UP_TREND,BULLISH,HIGH,30.09.2022
LATUSDT,OkxSpot,0.00671,35.287601,0.007372,0.008667,0.022625,0.923963,STRONG_DOWN_TREND,BEARISH,HIGH,30.09.2022
LBAUSDT,OkxSpot,0.001272,43.810121,0.001345,0.001374,0.00169,0.398489,STRONG_DOWN_TREND,BEARISH,HIGH,30.09.2022
LDNUSDT,OkxSpot,0.1722,46.904378,0.17174,0.179734,0.213548,0.406254,DOWN_TREND,BEARISH,HIGH,30.09.2022
LDOUSDT,OkxSpot,1.6271,38.06005,1.75567,,,0.241998,,BEARISH,MEDIUM,30.09.2022
LEASHUSDT,OkxSpot,405.5,36.333737,469.155,522.262,655.603,0.422217,STRONG_DOWN_TREND,BEARISH,HIGH,30.09.2022
LEOUSDT,OkxSpot,4.676,50.98627,4.58845,4.9508,5.32914,0.130019,DOWN_TREND,BULLISH,MEDIUM,30.09.2022
LETUSDT,OkxSpot,0.00076,27.088513,0.000886,0.001063,0.001417,0.439769,STRONG_DOWN_TREND,OVERSOLD,HIGH,30.09.2022
LINGUSDT,OkxSpot,0.0094,34.584458,,,,0.25,,BEARISH,MEDIUM,30.09.2022
LINKUSDT,OkxSpot,7.819,54.368848,7.57685,7.44382,9.14432,0.219327,UP_TREND,BULLISH,MEDIUM,30.09.2022
LITHUSDT,OkxSpot,0.001135,35.175168,0.00128,0.001405,0.00242,0.576138,STRONG_DOWN_TREND,BEARISH,HIGH,30.09.2022
LONUSDT,OkxSpot,0.591,47.469767,0.59115,0.6165,0.7677,0.167868,STRONG_DOWN_TREND,BEARISH,MEDIUM,30.09.2022
LOOKSUSDT,OkxSpot,0.2016,37.362439,0.22407,0.264562,0.731688,1.143616,STRONG_DOWN_TREND,BEARISH,HIGH,30.09.2022
LOONUSDT,OkxSpot,0.00334,67.498732,0.002708,0.002829,0.003966,0.560458,UP_TREND,BULLISH,HIGH,30.09.2022
LPTUSDT,OkxSpot,9.12,44.804124,9.421,10.1684,14.662,0.368051,STRONG_DOWN_TREND,BEARISH,HIGH,30.09.2022
LRCUSDT,OkxSpot,0.3009,40.353716,0.3135,0.35598,0.552025,0.402396,STRONG_DOWN_TREND,BEARISH,HIGH,30.09.2022
LSKUSDT,OkxSpot,0.967,44.134261,0.98345,1.05988,1.406255,0.33793,STRONG_DOWN_TREND,BEARISH,HIGH,30.09.2022
LTCUSDT,OkxSpot,54.63,48.333853,55.2315,56.8746,72.90095,0.213,STRONG_DOWN_TREND,BEARISH,MEDIUM,30.09.2022
LUNAUSDT,OkxSpot,2.5083,47.802504,2.95899,2.429348,,0.668743,,BEARISH,HIGH,30.09.2022
LUNCUSDT,OkxSpot,0.00030179,52.935612,0.000292,0.000235,,0.333307,UP_TREND,BULLISH,HIGH,30.09.2022
MAGICUSDT,OkxSpot,0.347,39.398212,0.37655,0.51468,1.006372,0.972033,STRONG_DOWN_TREND,BEARISH,HIGH,30.09.2022
MANAUSDT,OkxSpot,0.7107,43.17798,0.723415,0.79974,1.252391,0.315371,STRONG_DOWN_TREND,BEARISH,HIGH,30.09.2022
MASKUSDT,OkxSpot,1.18,43.017885,1.22735,1.35334,2.366225,0.469493,STRONG_DOWN_TREND,BEARISH,HIGH,30.09.2022
MATICUSDT,OkxSpot,0.7887,49.536055,0.788235,0.830656,0.909545,0.240996,DOWN_TREND,BEARISH,MEDIUM,30.09.2022
MCOUSDT,OkxSpot,4.31,43.200646,4.4475,5.0602,6.37725,0.444478,STRONG_DOWN_TREND,BEARISH,HIGH,30.09.2022
MDAUSDT,OkxSpot,0.051,45.416907,0.05124,0.055862,0.185072,1.129988,STRONG_DOWN_TREND,BEARISH,HIGH,30.09.2022
MDTUSDT,OkxSpot,0.02587,49.658267,0.026049,0.026693,0.035948,0.367722,STRONG_DOWN_TREND,BEARISH,HIGH,30.09.2022
MENGOUSDT,OkxSpot,2.23924,,,,,0.334341,,,HIGH,30.09.2022
METISUSDT,OkxSpot,25.14,43.967105,25.2715,30.5586,47.49615,0.505327,STRONG_DOWN_TREND,BEARISH,HIGH,30.09.2022
MILOUSDT,OkxSpot,8.38e-09,34.954487,0.0,0.0,,1.08275,UP_TREND,BEARISH,HIGH,30.09.2022
MINAUSDT,OkxSpot,0.601,44.389112,0.60445,0.67452,1.19625,0.409162,STRONG_DOWN_TREND,BEARISH,HIGH,30.09.2022
MIRUSDT,OkxSpot,0.209,49.363373,0.2226,0.20316,0.577565,0.744373,DOWN_TREND,BEARISH,HIGH,30.09.2022
MITHUSDT,OkxSpot,0.02136,43.389181,0.021975,0.023477,0.025487,0.420219,STRONG_DOWN_TREND,BEARISH,HIGH,30.09.2022
MKRUSDT,OkxSpot,775.7,58.816768,689.21,775.162,1216.39,0.321582,UP_TREND,BULLISH,HIGH,30.09.2022
MLNUSDT,OkxSpot,19.6,35.023885,20.825,23.29,33.55205,0.440348,STRONG_DOWN_TREND,BEARISH,HIGH,30.09.2022
MOFUSDT,OkxSpot,0.0001164,26.630036,0.000149,0.000157,0.000534,0.939966,STRONG_DOWN_TREND,OVERSOLD,HIGH,30.09.2022
MONUSDT,OkxSpot,0.001724,56.916826,0.001659,0.001653,0.002494,0.464021,UP_TREND,BULLISH,HIGH,30.09.2022
MOVEZUSDT,OkxSpot,0.00606,65.331038,0.003723,0.004473,,0.910234,UP_TREND,BULLISH,HIGH,30.09.2022
MOVRUSDT,OkxSpot,10.64,38.356813,11.1655,12.5818,26.824,0.598715,STRONG_DOWN_TREND,BEARISH,HIGH,30.09.2022
MXCUSDT,OkxSpot,0.06956,55.700008,0.066701,0.068896,0.08248,0.198559,UP_TREND,BULLISH,MEDIUM,30.09.2022
MXTUSDT,OkxSpot,0.00119,45.573761,0.001199,0.001291,0.001551,0.40272,STRONG_DOWN_TREND,BEARISH,HIGH,30.09.2022
NASUSDT,OkxSpot,0.0381,47.322475,0.03841,0.04031,0.09913,0.633334,STRONG_DOWN_TREND,BEARISH,HIGH,30.09.2022
NEARUSDT,OkxSpot,3.627,39.365701,4.01055,4.3197,7.08435,0.47479,STRONG_DOWN_TREND,BEARISH,HIGH,30.09.2022
NEOUSDT,OkxSpot,8.884,49.859064,8.75735,9.4073,13.19826,0.277642,DOWN_TREND,BEARISH,MEDIUM,30.09.2022
NFTUSDT,OkxSpot,5.087e-07,36.394978,1e-06,1e-06,1e-06,0.253938,STRONG_DOWN_TREND,BEARISH,MEDIUM,30.09.2022
NMRUSDT,OkxSpot,15.08,36.625297,15.8105,17.2946,18.63875,0.359761,STRONG_DOWN_TREND,BEARISH,HIGH,30.09.2022
NULSUSDT,OkxSpot,0.2001,50.205215,0.19855,0.208196,0.272563,0.321043,DOWN_TREND,BULLISH,HIGH,30.09.2022
NYMUSDT,OkxSpot,0.2885,45.466268,0.291305,0.320294,,0.496895,DOWN_TREND,BEARISH,HIGH,30.09.2022
OKBUSDT,OkxSpot,16.316,57.402211,15.3945,16.58684,15.919325,0.164132,UP_TREND,BULLISH,MEDIUM,30.09.2022
OKTUSDT,OkxSpot,14.29,39.775609,15.069,16.6898,24.6473,0.344321,STRONG_DOWN_TREND,BEARISH,HIGH,30.09.2022
OMGUSDT,OkxSpot,1.745,46.86433,1.7571,1.87838,2.790955,0.298264,STRONG_DOWN_TREND,BEARISH,MEDIUM,30.09.2022
OMIUSDT,OkxSpot,0.001285,40.319653,0.001311,0.001382,0.001857,0.224519,STRONG_DOWN_TREND,BEARISH,MEDIUM,30.09.2022
OMUSDT,OkxSpot,0.0442,48.55697,0.043765,0.047776,0.059378,0.352997,DOWN_TREND,BEARISH,HIGH,30.09.2022
ONEUSDT,OkxSpot,0.02008,49.415296,0.01994,0.021761,0.054616,0.594312,DOWN_TREND,BEARISH,HIGH,30.09.2022
ONTUSDT,OkxSpot,0.2272,47.630102,0.227325,0.244372,0.331524,0.312334,STRONG_DOWN_TREND,BEARISH,HIGH,30.09.2022
OPUSDT,OkxSpot,0.9102,38.507151,1.020175,1.15407,,0.455557,DOWN_TREND,BEARISH,HIGH,30.09.2022
ORBSUSDT,OkxSpot,0.0384,56.836455,0.035855,0.038714,0.052007,1.343727,DOWN_TREND,BULLISH,HIGH,30.09.2022
ORBUSDT,OkxSpot,0.0582,41.536398,0.059545,0.064446,,0.555381,DOWN_TREND,BEARISH,HIGH,30.09.2022
ORSUSDT,OkxSpot,0.01038,50.592872,0.010591,0.009204,0.0058,0.316781,UP_TREND,BULLISH,HIGH,30.09.2022
OXTUSDT,OkxSpot,0.0994,42.417613,0.10231,0.107616,0.14982,0.327088,STRONG_DOWN_TREND,BEARISH,HIGH,30.09.2022
PAYUSDT,OkxSpot,0.01569,56.247587,0.014748,0.015301,0.0222,0.399699,UP_TREND,BULLISH,HIGH,30.09.2022
PCIUSDT,OkxSpot,0.281,32.865022,0.294825,0.314018,,0.339303,DOWN_TREND,BEARISH,HIGH,30.09.2022
PEOPLEUSDT,OkxSpot,0.02295,51.829929,0.021994,0.022837,0.032831,0.420774,UP_TREND,BULLISH,HIGH,30.09.2022
PERPUSDT,OkxSpot,0.617,48.541904,0.60165,0.70324,1.75566,0.672157,DOWN_TREND,BEARISH,HIGH,30.09.2022
PHAUSDT,OkxSpot,0.0915,41.508377,0.093475,0.102754,0.15499,0.327852,STRONG_DOWN_TREND,BEARISH,HIGH,30.09.2022
PICKLEUSDT,OkxSpot,1.472,53.328795,1.3656,1.51474,2.336185,0.685546,DOWN_TREND,BULLISH,HIGH,30.09.2022
PITUSDT,OkxSpot,5.64e-10,51.495423,0.0,0.0,,0.452426,UP_TREND,BULLISH,HIGH,30.09.2022
PLGUSDT,OkxSpot,0.000586,30.40216,0.000768,0.000794,0.000756,0.537611,STRONG_DOWN_TREND,BEARISH,HIGH,30.09.2022
PNKUSDT,OkxSpot,0.0328,69.582581,0.027845,0.028222,0.045039,0.2443,UP_TREND,BULLISH,MEDIUM,30.09.2022
POLSUSDT,OkxSpot,0.487,48.433712,0.48555,0.51692,0.783955,0.384602,DOWN_TREND,BEARISH,HIGH,30.09.2022
POLYDOGEUSDT,OkxSpot,3.95e-09,40.538952,0.0,0.0,0.0,0.540814,STRONG_UP_TREND,BEARISH,HIGH,30.09.2022
PORUSDT,OkxSpot,5.9233,,,,,0.177266,,,MEDIUM,30.09.2022
PPTUSDT,OkxSpot,0.0668,44.635158,0.06641,0.082254,0.158198,0.622185,DOWN_TREND,BEARISH,HIGH,30.09.2022
PRQUSDT,OkxSpot,0.1022,40.972934,0.11113,0.119316,0.166204,0.626275,STRONG_DOWN_TREND,BEARISH,HIGH,30.09.2022
PSTAKEUSDT,OkxSpot,0.1287,39.392064,0.15565,0.153014,0.308882,0.72709,STRONG_DOWN_TREND,BEARISH,HIGH,30.09.2022
PSTUSDT,OkxSpot,0.02039,90.305798,0.008474,0.008867,0.012105,0.237203,STRONG_UP_TREND,OVERBOUGHT,MEDIUM,30.09.2022
QOMUSDT,OkxSpot,3.72e-08,45.585874,0.0,0.0,,0.985667,UP_TREND,BEARISH,HIGH,30.09.2022
QTUMUSDT,OkxSpot,2.873,42.879452,2.9466,3.24604,4.35018,0.292397,STRONG_DOWN_TREND,BEARISH,MEDIUM,30.09.2022
RACAUSDT,OkxSpot,0.0002953,33.099866,0.00032,0.000365,0.000753,0.628969,STRONG_DOWN_TREND,BEARISH,HIGH,30.09.2022
RAYUSDT,OkxSpot,0.584,45.785228,0.58605,0.65982,1.339428,0.429059,STRONG_DOWN_TREND,BEARISH,HIGH,30.09.2022
RENUSDT,OkxSpot,0.1195,52.001283,0.114385,0.126154,0.197528,0.406836,DOWN_TREND,BULLISH,HIGH,30.09.2022
REPUSDT,OkxSpot,7.05,38.096039,7.334,7.8126,9.86485,0.321215,STRONG_DOWN_TREND,BEARISH,HIGH,30.09.2022
REVVUSDT,OkxSpot,0.01692,47.085765,0.017164,0.017723,0.039499,0.41793,STRONG_DOWN_TREND,BEARISH,HIGH,30.09.2022
RFUELUSDT,OkxSpot,0.00746,54.101691,0.007029,0.007965,0.013106,0.39267,DOWN_TREND,BULLISH,HIGH,30.09.2022
RIOUSDT,OkxSpot,0.0181,34.152843,0.02012,0.033986,0.086747,2.117813,STRONG_DOWN_TREND,BEARISH,HIGH,30.09.2022
RNTUSDT,OkxSpot,0.001655,57.864541,0.001576,0.001581,0.001737,0.40223,UP_TREND,BULLISH,HIGH,30.09.2022
ROADUSDT,OkxSpot,0.000702,54.819291,0.000682,0.000664,0.000659,0.569469,STRONG_UP_TREND,BULLISH,HIGH,30.09.2022
RONUSDT,OkxSpot,0.262,41.880033,0.2681,0.32374,0.714899,0.6214,STRONG_DOWN_TREND,BEARISH,HIGH,30.09.2022
RSRUSDT,OkxSpot,0.00814,63.873069,0.006727,0.006524,0.008553,0.305649,UP_TREND,BULLISH,HIGH,30.09.2022
RSS3USDT,OkxSpot,0.1261,47.125096,0.1312,0.125608,0.158231,0.24385,DOWN_TREND,BEARISH,MEDIUM,30.09.2022
RVNUSDT,OkxSpot,0.03587,43.504754,0.045221,0.03864,0.038126,0.314621,STRONG_DOWN_TREND,BEARISH,HIGH,30.09.2022
SAITAMAUSDT,OkxSpot,0.001497,45.419327,0.001493,0.001934,,0.463294,,BEARISH,HIGH,30.09.2022
SAMOUSDT,OkxSpot,0.00778,35.583055,0.008971,0.010605,0.011507,0.399334,STRONG_DOWN_TREND,BEARISH,HIGH,30.09.2022
SANDUSDT,OkxSpot,0.8565,43.066815,0.87632,0.979654,1.622066,0.378298,STRONG_DOWN_TREND,BEARISH,HIGH,30.09.2022
SCUSDT,OkxSpot,0.003541,40.144203,0.003661,0.004008,0.005996,0.326887,STRONG_DOWN_TREND,BEARISH,HIGH,30.09.2022
SDUSDT,OkxSpot,0.3563,44.787216,0.354825,0.412834,1.738424,1.456372,DOWN_TREND,BEARISH,HIGH,30.09.2022
SFGUSDT,OkxSpot,0.071,56.122931,0.066625,0.069956,0.080502,0.440115,UP_TREND,BULLISH,HIGH,30.09.2022
SHIBUSDT,OkxSpot,1.128e-05,46.391355,1.1e-05,1.2e-05,1.5e-05,0.284097,DOWN_TREND,BEARISH,MEDIUM,30.09.2022
SISUSDT,OkxSpot,0.1482,42.803541,0.17067,0.193318,0.482286,0.757551,STRONG_DOWN_TREND,BEARISH,HIGH,30.09.2022
SKEBUSDT,OkxSpot,0.0060029,37.390232,0.006514,,,0.263566,,BEARISH,MEDIUM,30.09.2022
SKLUSDT,OkxSpot,0.0397,42.349806,0.04047,0.048042,0.090464,0.641181,STRONG_DOWN_TREND,BEARISH,HIGH,30.09.2022
SLPUSDT,OkxSpot,0.00333,39.25756,0.003474,0.003947,0.007924,0.551041,STRONG_DOWN_TREND,BEARISH,HIGH,30.09.2022
SNTUSDT,OkxSpot,0.02843,45.337213,0.029806,0.030019,0.040526,0.325985,STRONG_DOWN_TREND,BEARISH,HIGH,30.09.2022
SNXUSDT,OkxSpot,2.414,42.481247,2.5219,2.8976,3.566535,0.421392,STRONG_DOWN_TREND,BEARISH,HIGH,30.09.2022
SOCUSDT,OkxSpot,0.010112,49.209565,0.01038,0.010304,0.007581,0.297189,DOWN_TREND,BEARISH,MEDIUM,30.09.2022
SOLUSDT,OkxSpot,34.98,54.855359,33.2465,34.6364,56.02894,0.335173,UP_TREND,BULLISH,HIGH,30.09.2022
SOSUSDT,OkxSpot,2.38e-07,42.748342,0.0,0.0,1e-06,0.690206,UP_TREND,BEARISH,HIGH,30.09.2022
SPELLUSDT,OkxSpot,0.001028,34.446959,0.001117,0.001304,0.001976,0.510318,STRONG_DOWN_TREND,BEARISH,HIGH,30.09.2022
SRMUSDT,OkxSpot,0.78,47.818483,0.7849,0.83146,1.371145,0.348568,STRONG_DOWN_TREND,BEARISH,HIGH,30.09.2022
STARLUSDT,OkxSpot,3.328e-06,40.54199,4e-06,4e-06,7e-06,0.485318,STRONG_DOWN_TREND,BEARISH,HIGH,30.09.2022
STCUSDT,OkxSpot,1.136,30.306351,1.24715,,,0.638805,,BEARISH,HIGH,30.09.2022
STORJUSDT,OkxSpot,0.4539,37.273229,0.48082,0.544294,0.736172,0.406009,STRONG_DOWN_TREND,BEARISH,HIGH,30.09.2022
STRKUSDT,OkxSpot,16.42,37.879437,17.098,18.3724,25.5144,0.289051,STRONG_DOWN_TREND,BEARISH,MEDIUM,30.09.2022
STXUSDT,OkxSpot,0.3307,41.945993,0.341035,0.374982,0.644726,0.355297,STRONG_DOWN_TREND,BEARISH,HIGH,30.09.2022
SUNUSDT,OkxSpot,0.00529,44.306801,0.005475,0.005819,0.008795,0.300362,STRONG_DOWN_TREND,BEARISH,HIGH,30.09.2022
SUSHIUSDT,OkxSpot,1.102,47.599612,1.1096,1.18154,1.849419,0.378784,STRONG_DOWN_TREND,BEARISH,HIGH,30.09.2022
SWEATUSDT,OkxSpot,0.029632,37.505863,,,,0.554711,,BEARISH,HIGH,30.09.2022
SWFTCUSDT,OkxSpot,0.001553,46.744865,0.0016,0.001673,0.001993,0.44634,STRONG_DOWN_TREND,BEARISH,HIGH,30.09.2022
SWRVUSDT,OkxSpot,0.1253,42.696719,0.13062,0.15406,0.183852,1.472478,STRONG_DOWN_TREND,BEARISH,HIGH,30.09.2022
TAIUSDT,OkxSpot,0.2729,55.129986,0.257485,0.267436,0.28344,0.352838,UP_TREND,BULLISH,HIGH,30.09.2022
TAKIUSDT,OkxSpot,0.01132,24.993397,0.013592,0.018144,,0.532968,DOWN_TREND,OVERSOLD,HIGH,30.09.2022
TAMAUSDT,OkxSpot,0.02369,,,,,,,,,
TCTUSDT,OkxSpot,0.00681,29.669797,0.008018,0.009445,0.013122,0.657598,STRONG_DOWN_TREND,OVERSOLD,HIGH,30.09.2022
THETAUSDT,OkxSpot,1.1,47.19633,1.09535,1.18392,1.759135,0.323538,DOWN_TREND,BEARISH,HIGH,30.09.2022
THGUSDT,OkxSpot,0.0889,48.425075,0.089815,0.092086,0.31144,1.104595,STRONG_DOWN_TREND,BEARISH,HIGH,30.09.2022
TONUSDT,OkxSpot,1.391,46.343658,1.49335,1.45538,,0.223238,DOWN_TREND,BEARISH,MEDIUM,30.09.2022
TOPCUSDT,OkxSpot,0.000565,52.459155,0.000553,0.000498,0.000583,0.509607,UP_TREND,BULLISH,HIGH,30.09.2022
TOWNUSDT,OkxSpot,0.01686,39.660827,0.018531,0.022616,0.04128,0.922595,STRONG_DOWN_TREND,BEARISH,HIGH,30.09.2022
TRADEUSDT,OkxSpot,0.0331,28.216679,0.03528,0.044644,0.05445,0.787771,STRONG_DOWN_TREND,OVERSOLD,HIGH,30.09.2022
TRAUSDT,OkxSpot,1.581,35.762269,1.62125,1.91816,3.189175,0.555825,STRONG_DOWN_TREND,BEARISH,HIGH,30.09.2022
TRBUSDT,OkxSpot,16.5,44.84003,15.6255,25.0396,19.2352,0.455727,DOWN_TREND,BEARISH,HIGH,30.09.2022
TRUEUSDT,OkxSpot,0.01544,49.46253,0.014716,0.017958,0.028933,0.648451,DOWN_TREND,BEARISH,HIGH,30.09.2022
TRXUSDT,OkxSpot,0.06205,53.080619,0.060844,0.063296,0.067764,0.146514,DOWN_TREND,BULLISH,MEDIUM,30.09.2022
TUPUSDT,OkxSpot,0.03357,28.391935,0.038856,0.049987,0.07101,0.664767,STRONG_DOWN_TREND,OVERSOLD,HIGH,30.09.2022
TUSDT,OkxSpot,0.0298,40.047894,0.031185,0.033514,,0.380811,DOWN_TREND,BEARISH,HIGH,30.09.2022
UMAUSDT,OkxSpot,2.345,38.225123,2.4591,2.72696,3.903435,0.360056,STRONG_DOWN_TREND,BEARISH,HIGH,30.09.2022
UMEEUSDT,OkxSpot,0.01031,39.347412,0.011048,0.0126,0.035434,0.657488,STRONG_DOWN_TREND,BEARISH,HIGH,30.09.2022
UNIUSDT,OkxSpot,6.459,54.966135,5.9722,6.56228,7.06959,0.255868,DOWN_TREND,BULLISH,MEDIUM,30.09.2022
USDCUSDT,OkxSpot,1.0,50.620646,0.99998,0.999936,1.00031,0.004644,UP_TREND,BULLISH,LOW,30.09.2022
USTCUSDT,OkxSpot,0.03267,48.790637,0.03425,0.032477,,0.582795,,BEARISH,HIGH,30.09.2022
UTKUSDT,OkxSpot,0.1071,46.127517,0.10769,0.117238,0.161889,0.320534,STRONG_DOWN_TREND,BEARISH,HIGH,30.09.2022
VALUEUSDT,OkxSpot,0.2152,49.569264,0.209305,0.23729,0.258152,0.555485,DOWN_TREND,BEARISH,HIGH,30.09.2022
VELOUSDT,OkxSpot,0.00508,17.540475,0.005887,0.011347,0.027268,1.414652,STRONG_DOWN_TREND,OVERSOLD,HIGH,30.09.2022
VRAUSDT,OkxSpot,0.00386,38.182681,0.004136,0.004785,0.009832,0.543708,STRONG_DOWN_TREND,BEARISH,HIGH,30.09.2022
VSYSUSDT,OkxSpot,0.00145,46.515683,0.001476,0.001543,0.004917,0.589568,STRONG_DOWN_TREND,BEARISH,HIGH,30.09.2022
WAVESUSDT,OkxSpot,3.875,37.479922,4.12015,4.6176,11.256635,0.851847,STRONG_DOWN_TREND,BEARISH,HIGH,30.09.2022
WAXPUSDT,OkxSpot,0.0868,42.218209,0.08903,0.09787,0.153672,0.379614,STRONG_DOWN_TREND,BEARISH,HIGH,30.09.2022
WBTCUSDT,OkxSpot,19976.3,51.475397,19714.605,20631.206,28252.61,0.173616,DOWN_TREND,BULLISH,MEDIUM,30.09.2022
WEMIXUSDT,OkxSpot,1.799,42.237033,1.8425,2.08878,2.91806,0.332327,STRONG_DOWN_TREND,BEARISH,HIGH,30.09.2022
WGRTUSDT,OkxSpot,0.00503,49.666253,0.005045,0.005051,0.004353,0.148515,DOWN_TREND,BEARISH,MEDIUM,30.09.2022
WINGUSDT,OkxSpot,9.02,43.026608,9.482,10.8618,8.346745,0.573274,DOWN_TREND,BEARISH,HIGH,30.09.2022
WINUSDT,OkxSpot,9.98e-05,41.248255,0.000101,0.000114,0.000173,0.323401,STRONG_DOWN_TREND,BEARISH,HIGH,30.09.2022
WNCGUSDT,OkxSpot,0.0951,41.659114,0.102305,0.10375,0.287454,0.657024,STRONG_DOWN_TREND,BEARISH,HIGH,30.09.2022
WNXMUSDT,OkxSpot,14.98,45.721768,15.332,16.445,19.9346,0.450792,STRONG_DOWN_TREND,BEARISH,HIGH,30.09.2022
WOOUSDT,OkxSpot,0.1372,42.238531,0.142365,0.159524,0.262995,0.449593,STRONG_DOWN_TREND,BEARISH,HIGH,30.09.2022
WSBUSDT,OkxSpot,0.001016,42.539219,0.001053,0.001241,0.002019,0.772425,STRONG_DOWN_TREND,BEARISH,HIGH,30.09.2022
WXTUSDT,OkxSpot,0.0046,15.527162,0.004884,0.005483,0.007899,0.265872,STRONG_DOWN_TREND,OVERSOLD,MEDIUM,30.09.2022
XAUTUSDT,OkxSpot,1668.0,47.033958,1667.535,1706.826,,0.032174,,BEARISH,LOW,30.09.2022
XCHUSDT,OkxSpot,33.5,39.494601,34.6,37.0034,45.5206,0.208382,STRONG_DOWN_TREND,BEARISH,MEDIUM,30.09.2022
XECUSDT,OkxSpot,4.138e-05,49.681274,4.1e-05,4.2e-05,5.5e-05,0.340911,DOWN_TREND,BEARISH,HIGH,30.09.2022
XEMUSDT,OkxSpot,0.0413,46.934341,0.04156,0.04451,0.061488,0.299843,STRONG_DOWN_TREND,BEARISH,MEDIUM,30.09.2022
XETAUSDT,OkxSpot,0.07471,68.992168,0.063419,0.053705,,0.33546,UP_TREND,BULLISH,HIGH,30.09.2022
XLMUSDT,OkxSpot,0.11476,52.424618,0.112523,0.111334,0.140498,0.185447,UP_TREND,BULLISH,MEDIUM,30.09.2022
XMRUSDT,OkxSpot,150.47,53.278601,146.137,151.5476,170.93855,0.197537,DOWN_TREND,BULLISH,MEDIUM,30.09.2022
XNOUSDT,OkxSpot,0.781,42.335699,0.80655,0.87982,,0.223028,DOWN_TREND,BEARISH,MEDIUM,30.09.2022
XPRUSDT,OkxSpot,0.002,30.047775,0.002439,0.002996,0.00549,0.701703,STRONG_DOWN_TREND,BEARISH,HIGH,30.09.2022
XRPUSDT,OkxSpot,0.48473,64.594092,0.415185,0.373922,0.473959,0.163799,STRONG_UP_TREND,BULLISH,MEDIUM,30.09.2022
XTZUSDT,OkxSpot,1.452,44.471232,1.50295,1.57358,2.080043,0.262089,STRONG_DOWN_TREND,BEARISH,MEDIUM,30.09.2022
YEEUSDT,OkxSpot,9.5e-05,38.110239,0.000102,0.000121,0.000226,0.604654,STRONG_DOWN_TREND,BEARISH,HIGH,30.09.2022
YFIIUSDT,OkxSpot,915.8,45.653491,909.365,1037.018,1307.8045,0.464451,DOWN_TREND,BEARISH,HIGH,30.09.2022
YFIUSDT,OkxSpot,8246.0,43.869122,8617.3,9249.94,11437.365,0.308561,STRONG_DOWN_TREND,BEARISH,HIGH,30.09.2022
YGGUSDT,OkxSpot,0.3524,35.281462,0.400305,0.50168,1.06323,0.751604,STRONG_DOWN_TREND,BEARISH,HIGH,30.09.2022
YOUUSDT,OkxSpot,0.00172,49.876309,0.001715,0.001792,0.003009,0.421804,DOWN_TREND,BEARISH,HIGH,30.09.2022
YOYOUSDT,OkxSpot,0.001274,51.286111,0.001288,0.001292,0.001908,0.520606,STRONG_DOWN_TREND,BULLISH,HIGH,30.09.2022
ZBCUSDT,OkxSpot,0.0152,52.599847,0.01312,0.01804,,0.48208,,BULLISH,HIGH,30.09.2022
ZECUSDT,OkxSpot,56.87,46.630563,57.3585,62.2306,94.50915,0.33209,STRONG_DOWN_TREND,BEARISH,HIGH,30.09.2022
ZENUSDT,OkxSpot,14.29,45.795204,14.3785,15.9136,23.3214,0.32998,STRONG_DOWN_TREND,BEARISH,HIGH,30.09.2022
ZILUSDT,OkxSpot,0.03157,39.481815,0.033056,0.036396,0.056938,0.554562,STRONG_DOWN_TREND,BEARISH,HIGH,30.09.2022
ZKSUSDT,OkxSpot,0.0518,39.980319,0.05309,0.059062,0.069848,0.341574,STRONG_DOWN_TREND,BEARISH,HIGH,30.09.2022
ZRXUSDT,OkxSpot,0.2696,42.834091,0.278795,0.300996,0.43933,0.41865,STRONG_DOWN_TREND,BEARISH,HIGH,30.09.2022
ZYROUSDT,OkxSpot,0.00481,57.912585,0.004556,0.004701,0.005696,0.45645,UP_TREND,BULLISH,HIGH,30.09.2022
SPY,SimpleFx,363.7900085449219,32.42758,383.223915,399.176705,417.027896,0.053012,STRONG_DOWN_TREND,BEARISH,LOW,30.09.2022
QQQ,SimpleFx,273.2900085449219,33.506355,288.161102,304.266785,325.444072,0.070296,STRONG_DOWN_TREND,BEARISH,LOW,30.09.2022
DIA,SimpleFx,292.05999755859375,30.632486,306.121243,318.586903,329.344673,0.044056,STRONG_DOWN_TREND,BEARISH,LOW,30.09.2022
RKT,SimpleFx,6.375,27.221929,7.29425,8.6807,9.927343,0.198311,STRONG_DOWN_TREND,OVERSOLD,MEDIUM,30.09.2022
MSFT,SimpleFx,238.82000732421875,34.723226,247.3715,264.943322,280.907835,0.073331,STRONG_DOWN_TREND,BEARISH,LOW,30.09.2022
ABNB,SimpleFx,108.0,43.763646,114.615501,114.646001,135.1486,0.146034,STRONG_DOWN_TREND,BEARISH,MEDIUM,30.09.2022
PYPL,SimpleFx,88.9000015258789,45.366896,92.101751,92.776201,107.90735,0.123848,STRONG_DOWN_TREND,BEARISH,MEDIUM,30.09.2022
FCX,SimpleFx,28.010000228881836,44.708313,29.035,29.778,37.673815,0.151558,STRONG_DOWN_TREND,BEARISH,MEDIUM,30.09.2022
AA,SimpleFx,35.04499816894531,29.354988,42.74075,47.551903,60.79793,0.24611,STRONG_DOWN_TREND,OVERSOLD,MEDIUM,30.09.2022
BIDU,SimpleFx,119.6500015258789,37.722118,127.2095,133.926801,140.006801,0.1334,STRONG_DOWN_TREND,BEARISH,MEDIUM,30.09.2022
NFLX,SimpleFx,236.97999572753906,53.201793,232.294502,231.321401,305.16795,0.130281,UP_TREND,BULLISH,MEDIUM,30.09.2022
ZM,SimpleFx,75.72000122070312,37.542536,78.0055,91.4574,116.7083,0.185068,STRONG_DOWN_TREND,BEARISH,MEDIUM,30.09.2022
HOOD,SimpleFx,10.130000114440918,52.70445,10.062,9.8776,11.3438,0.179175,UP_TREND,BULLISH,MEDIUM,30.09.2022
UBER,SimpleFx,26.934999465942383,39.577498,29.90325,29.1607,30.700875,0.141592,STRONG_DOWN_TREND,BEARISH,MEDIUM,30.09.2022
MSTR,SimpleFx,221.72999572753906,48.088325,216.182501,259.9338,338.421451,0.280905,DOWN_TREND,BEARISH,MEDIUM,30.09.2022
MCD,SimpleFx,233.7707061767578,23.808688,250.433534,255.529325,248.941314,0.044222,STRONG_DOWN_TREND,OVERSOLD,LOW,30.09.2022
AAPL,SimpleFx,141.99000549316406,31.619249,152.944498,159.765924,159.543977,0.072438,STRONG_DOWN_TREND,BEARISH,LOW,30.09.2022
BYND,SimpleFx,14.475000381469727,26.052648,18.38575,26.3409,39.7853,0.4752,STRONG_DOWN_TREND,OVERSOLD,HIGH,30.09.2022
TECK,SimpleFx,31.010000228881836,46.434544,31.968438,31.810309,34.720129,0.134275,STRONG_DOWN_TREND,BEARISH,MEDIUM,30.09.2022
JPM,SimpleFx,106.56999969482422,34.772428,113.4675,115.2824,129.052714,0.07522,STRONG_DOWN_TREND,BEARISH,LOW,30.09.2022
WMT,SimpleFx,131.38999938964844,45.514074,133.7165,132.551991,136.198204,0.055019,STRONG_DOWN_TREND,BEARISH,LOW,30.09.2022
LMT,SimpleFx,387.3916015625,26.012587,412.35858,418.429509,411.728652,0.058089,STRONG_DOWN_TREND,OVERSOLD,LOW,30.09.2022
GOOG,SimpleFx,98.44999694824219,33.502802,103.9015,110.9812,123.254177,0.086883,STRONG_DOWN_TREND,BEARISH,LOW,30.09.2022
BA,SimpleFx,124.1500015258789,27.800195,143.334,155.590201,168.99745,0.130095,STRONG_DOWN_TREND,OVERSOLD,MEDIUM,30.09.2022
GM,SimpleFx,32.8849983215332,29.793015,38.25225,37.822373,42.182175,0.114957,STRONG_DOWN_TREND,OVERSOLD,MEDIUM,30.09.2022
GS,SimpleFx,298.02178955078125,34.344389,319.425591,329.2997,328.836004,0.068564,STRONG_DOWN_TREND,BEARISH,LOW,30.09.2022
XOM,SimpleFx,88.54000091552734,42.737332,92.1725,92.605806,83.737522,0.077857,DOWN_TREND,BEARISH,LOW,30.09.2022
NKE,SimpleFx,85.314697265625,24.109553,102.523735,107.975744,123.967678,0.110598,STRONG_DOWN_TREND,OVERSOLD,MEDIUM,30.09.2022
LCID,SimpleFx,14.168399810791016,39.177608,15.18592,16.732768,22.981592,0.233522,STRONG_DOWN_TREND,BEARISH,MEDIUM,30.09.2022
SPCE,SimpleFx,4.880000114440918,31.806558,5.3935,6.2428,8.045,0.248814,STRONG_DOWN_TREND,BEARISH,MEDIUM,30.09.2022
RACE,SimpleFx,186.81500244140625,39.369185,192.86725,201.2759,209.377892,0.067306,STRONG_DOWN_TREND,BEARISH,LOW,30.09.2022
SNAP,SimpleFx,10.194999694824219,41.32276,11.18225,10.8905,24.810625,0.356582,STRONG_DOWN_TREND,BEARISH,HIGH,30.09.2022
DASH,SimpleFx,50.4900016784668,32.567768,57.493,65.16,88.59255,0.286656,STRONG_DOWN_TREND,BEARISH,MEDIUM,30.09.2022
TWTR,SimpleFx,43.47999954223633,63.138416,41.5915,41.6018,40.27055,0.084728,STRONG_UP_TREND,BULLISH,LOW,30.09.2022
C,SimpleFx,42.65999984741211,26.60641,46.84,49.755415,53.292591,0.085626,STRONG_DOWN_TREND,OVERSOLD,LOW,30.09.2022
TLRY,SimpleFx,2.8968000411987305,40.51203,3.11434,3.532536,4.986684,0.280236,STRONG_DOWN_TREND,BEARISH,MEDIUM,30.09.2022
AMZN,SimpleFx,115.5,37.680247,123.108501,129.7534,137.333708,0.104731,STRONG_DOWN_TREND,BEARISH,MEDIUM,30.09.2022
COIN,SimpleFx,65.94000244140625,46.129822,69.441,73.0794,127.7307,0.352132,STRONG_DOWN_TREND,BEARISH,HIGH,30.09.2022
PTON,SimpleFx,7.139999866485596,33.10043,9.1345,10.3184,19.386925,0.508028,STRONG_DOWN_TREND,BEARISH,HIGH,30.09.2022
ADSK,SimpleFx,190.50999450683594,40.305706,197.587,208.442,212.45445,0.1023,STRONG_DOWN_TREND,BEARISH,MEDIUM,30.09.2022
BABA,SimpleFx,80.70999908447266,38.813149,85.648,90.9672,103.72765,0.167373,STRONG_DOWN_TREND,BEARISH,MEDIUM,30.09.2022
SOFI,SimpleFx,5.045000076293945,37.072378,5.71175,6.3661,8.58165,0.276243,STRONG_DOWN_TREND,BEARISH,MEDIUM,30.09.2022
QCOM,SimpleFx,115.33000183105469,28.203052,124.5065,136.838444,147.589022,0.110175,STRONG_DOWN_TREND,OVERSOLD,MEDIUM,30.09.2022
GME,SimpleFx,25.584999084472656,40.381088,26.79125,32.1803,31.750487,0.250026,STRONG_DOWN_TREND,BEARISH,MEDIUM,30.09.2022
UPST,SimpleFx,21.673799514770508,40.246318,23.89769,26.395876,71.650194,0.749296,STRONG_DOWN_TREND,BEARISH,HIGH,30.09.2022
AMD,SimpleFx,65.25090026855469,28.183552,74.713545,86.600618,101.970554,0.184016,STRONG_DOWN_TREND,OVERSOLD,MEDIUM,30.09.2022
T,SimpleFx,15.430000305175781,21.328623,16.457,17.5136,18.520013,0.060055,STRONG_DOWN_TREND,OVERSOLD,LOW,30.09.2022
BAC,SimpleFx,30.950000762939453,35.526612,33.097,33.754437,38.081913,0.083208,STRONG_DOWN_TREND,BEARISH,LOW,30.09.2022
RIOT,SimpleFx,7.409999847412109,54.125903,7.00675,7.467,12.165375,0.31564,DOWN_TREND,BULLISH,HIGH,30.09.2022
NVDA,SimpleFx,125.20899963378906,36.198634,131.549922,158.045041,204.402636,0.186101,STRONG_DOWN_TREND,BEARISH,MEDIUM,30.09.2022
TSLA,SimpleFx,272.1429138183594,41.657102,289.658147,290.094726,290.815948,0.130489,STRONG_DOWN_TREND,BEARISH,MEDIUM,30.09.2022
AMC,SimpleFx,7.150000095367432,33.476832,8.553,13.257,16.3303,0.547809,STRONG_DOWN_TREND,BEARISH,HIGH,30.09.2022
MA,SimpleFx,288.8500061035156,26.529166,311.455498,332.5574,344.988733,0.079734,STRONG_DOWN_TREND,OVERSOLD,LOW,30.09.2022
DIS,SimpleFx,96.23500061035156,31.214341,106.55525,109.9715,122.602675,0.089068,STRONG_DOWN_TREND,BEARISH,LOW,30.09.2022
PG,SimpleFx,127.9000015258789,23.653307,136.054,141.3754,148.978218,0.055647,STRONG_DOWN_TREND,OVERSOLD,LOW,30.09.2022
PFE,SimpleFx,44.400001525878906,39.047414,45.4135,47.635085,50.400546,0.069246,STRONG_DOWN_TREND,BEARISH,LOW,30.09.2022
SHOP,SimpleFx,27.795000076293945,39.175378,30.82425,34.0805,57.79922,0.336404,STRONG_DOWN_TREND,BEARISH,HIGH,30.09.2022
ATVI,SimpleFx,74.83000183105469,38.503042,76.2445,78.416,76.994523,0.032962,STRONG_DOWN_TREND,BEARISH,LOW,30.09.2022
META,SimpleFx,139.5749969482422,38.630905,149.38425,160.2859,209.424726,0.138601,STRONG_DOWN_TREND,BEARISH,MEDIUM,30.09.2022
FSLR,SimpleFx,134.47000122070312,58.847864,133.4475,117.7916,85.443,0.074731,STRONG_UP_TREND,BULLISH,LOW,30.09.2022
PLTR,SimpleFx,8.378999710083008,56.766806,7.68995,8.69318,11.163545,0.181541,DOWN_TREND,BULLISH,MEDIUM,30.09.2022
